batch_name,status,files_processed,success_rate,successful_files,failed_files,viable_anchors,template_title,duration_seconds,error_count,timestamp
01_NEW - SUBMISSION-MAR,skipped,2,0.0,0,0,0,,0.0,1,2025-10-18T17:17:37.386951
02 ORISTIKH_MELETH_SUBMISSION,skipped,2,0.0,0,0,0,,0.0,1,2025-10-18T17:17:37.387084
02_BIM PD SUBMISSION,skipped,1,0.0,0,0,0,,0.0,1,2025-10-18T17:17:37.387135
048 - Submitted VAP-TRANSMIT-000344,failed,19,0.0,0,0,0,4005-RES-VAP-DWG-048-IC-02400-0,26.11,1,2025-10-18T17:17:37.387176
048 Submitted via VAP-TRANSMIT-000312,failed,19,0.0,0,0,0,4005-RES-VAP-DWG-048-CD-02400-B,23.91,1,2025-10-18T17:18:03.495233
05_SUBMITTALS,skipped,1,0.0,0,0,0,,0.0,1,2025-10-18T17:18:27.401187
1-SUBMITTED,skipped,1,0.0,0,0,0,,0.0,1,2025-10-18T17:18:27.401247
12032021 - VAP FLOOR PLANS - FINAL SUBMISSION PDFs,success,25,100.0,25,0,5,NCM-DD-B1-DR-ARC-1020-P0,30.24,0,2025-10-18T17:18:27.401270
1602 SUBMISSIONS,skipped,1,0.0,0,0,0,,0.0,1,2025-10-18T17:18:57.644078
160722_Submission REV00,failed,5,0.0,0,0,0,VAP-TW-DWG_SCHEDULE-R00_20160722,3.65,1,2025-10-18T17:18:57.644160
190204_ Site 2 Objection Package_Submitted,skipped,2,0.0,0,0,0,,0.0,1,2025-10-18T17:19:01.294140
190209_Site 3 Objection Package_Submitted,failed,3,0.0,0,0,0,DC-260-B22D9C7266,0.1,1,2025-10-18T17:19:01.294214
190309_Site 4 Objection Package_Submitted,failed,3,0.0,0,0,0,DC-260-B22D9C7661,0.01,1,2025-10-18T17:19:01.394745
2016-03-07_BP-FINAL_REV-SUBMISSION,failed,3,0.0,0,0,0,ΛΙΣΤΑ_ΠΕΡΙΕΧΟΜΕΝΩΝ_ΑΡΧ_ΜΕΛ-ΠΠ-ΠΧ,0.18,1,2025-10-18T17:19:01.399950
2016-12-22_FINAL SUB 05,failed,32,0.0,0,0,0,20161222-PLATIS_YALOS_HOTEL-Submission_Sheet-05,2.53,1,2025-10-18T17:19:01.582091
20160205-KAPLANKAYA_SUBMISSION-01,failed,15,0.0,0,0,0,A0-0110-00,1.16,1,2025-10-18T17:19:04.113167
20160331-KAPLANKAYA_SUBMISSION-02,failed,41,0.0,0,0,0,A0-0402-00,10.48,1,2025-10-18T17:19:05.277247
20160425-KAPLANKAYA_SUBMISSION-03,failed,8,0.0,0,0,0,A2-1001-00,2.11,1,2025-10-18T17:19:15.758038
20160505-KAPLANKAYA_RESUBMISSION-03,skipped,2,0.0,0,0,0,,0.0,1,2025-10-18T17:19:17.864099
20160513-KAPLANKAYA_SUBMISSION-04,failed,14,0.0,0,0,0,A2-1001-02,2.16,1,2025-10-18T17:19:17.864174
20160524-KAPLANKAYA_SUBMISSION-05,failed,27,0.0,0,0,0,A0-0720-00,3.58,1,2025-10-18T17:19:20.028020
20160601-KAPLANKAYA_SUBMISSION-06,failed,27,0.0,0,0,0,A0-0802-01,2.19,1,2025-10-18T17:19:23.610661
2017-01-20_sub 06,failed,33,0.0,0,0,0,2017-01-25-PLATIS_YALOS_HOTEL-Submission_Sheet-6,3.41,1,2025-10-18T17:19:25.803703
2017-01-31 SUBMISSION 06DGW,skipped,1,0.0,0,0,0,,0.0,1,2025-10-18T17:19:29.220079
2017-02-01_sub07 pinakas koufomaton,failed,8,0.0,0,0,0,2017-02-01-PLATIS_YALOS_HOTEL-Submission_Sheet-7,0.42,1,2025-10-18T17:19:29.220161
2017-02-15_sub08,failed,3,0.0,0,0,0,Α1-101-03,1.22,1,2025-10-18T17:19:29.644244
20180128 CS-DRAFT_SUB_PROM,skipped,1,0.0,0,0,0,,0.0,1,2025-10-18T17:19:30.862294
20181030_Design Submission,skipped,2,0.0,0,0,0,,0.0,1,2025-10-18T17:19:30.862363
20181217-LAN-SUBMISSION,failed,16,0.0,0,0,0,20181217-LAN_ARC_DD_303-00,6.43,1,2025-10-18T17:19:30.862401
20181219-LAN-SUBMISSION,failed,15,0.0,0,0,0,20181219-LAN_ARC_DD_101_00,6.96,1,2025-10-18T17:19:37.296082
20181221-LAN-SUBMISSION,failed,21,0.0,0,0,0,20181221-LAN_ARC_DD_101-00,5.34,1,2025-10-18T17:19:44.258953
20190220-LAN-SUBMISSION,failed,17,0.0,0,0,0,20190220-LAN_ARC_DD-410-00-PINAKAS_KOUFOMATON-ESOT_THIRES,4.12,1,2025-10-18T17:19:49.598787
20190305-LAN-SUBMISSION,skipped,1,0.0,0,0,0,,0.0,1,2025-10-18T17:19:53.719299
20190307-LAN-SUBMISSION,skipped,2,0.0,0,0,0,,0.0,1,2025-10-18T17:19:53.719375
20190308-LAN-SUBMISSION,failed,6,0.0,0,0,0,20190308-LAN_ARC_DD_401-01-KATOPSI_PISINAS-DAPEDO_RISEIS,1.42,1,2025-10-18T17:19:53.719416
20190312-LAN-SUBMISSION,failed,5,0.0,0,0,0,20190312-LAN_ARC_DD_407_00_OPSEIS-TOMES,2.76,1,2025-10-18T17:19:55.142115
20190725 OLIAROS DRAFT SUBMISSION,failed,7,0.0,0,0,0,1902_CST_ARC_Α1-101-00,0.93,1,2025-10-18T17:19:57.905185
20190802_FIRST_SUBMISSION_OLIAROS,skipped,1,0.0,0,0,0,,0.0,1,2025-10-18T17:19:58.836447
20190930_OLIAROS SUBMISSION_REV1,skipped,1,0.0,0,0,0,,0.0,1,2025-10-18T17:19:58.836512
20191206_SUBMISSION SA,skipped,1,0.0,0,0,0,,0.0,1,2025-10-18T17:19:58.836552
20191210_PEN4 SUBMISSION & PERMIT EXAMPLE,skipped,2,0.0,0,0,0,,0.0,1,2025-10-18T17:19:58.836591
20200504 DOXIADIS SUBMISSION PRELIMINARY DESIGN,skipped,2,0.0,0,0,0,,0.0,1,2025-10-18T17:19:58.836628
20200526 TETRAS MEP SSUBMISSION ADD ONS,skipped,2,0.0,0,0,0,,0.0,1,2025-10-18T17:19:58.836665
20200714 OLIAROS AGMT DD SUBMISSION,skipped,2,0.0,0,0,0,,0.0,1,2025-10-18T17:19:58.836702
20200807 AVL5 Phase A rev 1 FIRST SUBMISSION,skipped,2,0.0,0,0,0,,0.0,1,2025-10-18T17:19:58.836738
20200807 OLIAROS SUBMISSION,failed,26,0.0,0,0,0,AGMT_-_DETAIL_DESIGN_-_LAST_DRAWINGS_20200807,10.6,1,2025-10-18T17:19:58.836775
20200827 OLIAROS SUBMISSION,skipped,1,0.0,0,0,0,,0.0,1,2025-10-18T17:20:09.444580
20200921_MARISA SUBMITS,failed,5,0.0,0,0,0,W_PROJECTS_1910_CYPRUS_MUSEUM_02_RVT_MODEL_NCM-VAP-ZZ-ZZ-M2-ARC-0002-DET-S0-P01_m_-_Sheet_-_8150_-_ΛΕΠΤΟΜΕΡΕΙΕΣ_ΦΛΟΙΟΥ_-_ΛΕΠΤΟΜΕΡΕΙΑ_ΦΛΟΙΟΥ_ΜΙΚΡΩΝ_ΑΙΘΡΙΩΝ_-_ΕΠΙΠΕΔΟ_Β1,0.15,1,2025-10-18T17:20:09.444668
20200922_Draft Submission_PDFs,failed,9,0.0,0,0,0,1807_02_A012_rev3,0.0,1,2025-10-18T17:20:09.598256
20200923_Draft Submission_PDFs,failed,7,0.0,0,0,0,1807_02_A012_rev3,0.0,1,2025-10-18T17:20:09.598344
20201223_HELMEL - Draft Submission,failed,6,0.0,0,0,0,detail_forming_opening_exisitng_wall,0.0,1,2025-10-18T17:20:09.598402
2021-04-20 DD submission,skipped,1,0.0,0,0,0,,0.0,1,2025-10-18T17:17:37.386123
2021-05-12 revised DD and VAP comments submission,skipped,2,0.0,0,0,0,,0.0,1,2025-10-18T17:17:37.386289
20210119 OLIAROS Design review of DD Phase B submission,skipped,1,0.0,0,0,0,,0.0,1,2025-10-18T17:17:37.386341
20210119_SUBMISSION REV,skipped,1,0.0,0,0,0,,0.0,1,2025-10-18T17:17:37.386385
20210205_HELMEL - Structural Submission,failed,8,0.0,0,0,0,æ01-S01,0.45,1,2025-10-18T17:17:37.386428
20210318_SUBMISSION REV,skipped,1,0.0,0,0,0,,0.0,1,2025-10-18T17:17:37.837617
20210611_SUBMISSION REV,skipped,1,0.0,0,0,0,,0.0,1,2025-10-18T17:17:37.837686
20211115_SUBMISSION REV,skipped,1,0.0,0,0,0,,0.0,1,2025-10-18T17:17:37.837733
20211203_OST_SUBMISSION REV,skipped,1,0.0,0,0,0,,0.0,1,2025-10-18T17:17:37.837769
20211222_BIG DECEMBER SUBMISSION,skipped,1,0.0,0,0,0,,0.0,1,2025-10-18T17:17:37.837805
2022-11-18_MEP PERMIT SUBMISSION_revA,skipped,1,0.0,0,0,0,,0.0,1,2025-10-18T17:17:37.837841
20220103 SUBMISSION FOR DOCUMENTATION,skipped,1,0.0,0,0,0,,0.0,1,2025-10-18T17:17:37.837883
20220117_FINAL BIG SUBMISSION,failed,3,0.0,0,0,0,220114_ELLIHR_CONCEPT_DESIGN_REPORT_SPREAD,0.0,1,2025-10-18T17:17:37.837932
20220118_FINAL CONCEPT SUBMISSION ACONEX REVISION,failed,4,25.0,1,3,4,4005-RES-VAP-DWG-234-CO-00102-A,1.28,3,2025-10-18T17:17:37.837994
20220207_ELIZA_DWG_SUBMITTALS_DATES,skipped,1,0.0,0,0,0,,0.0,1,2025-10-18T17:17:39.114872
20220324_SUBMISSION,failed,53,67.9245283018868,36,17,2,GR-ATH3-Z-L0-MYT-DR-A-06001,8.08,17,2025-10-18T17:17:39.114934
20220330_SUBMISSION_30-03,skipped,2,0.0,0,0,0,,0.0,1,2025-10-18T17:17:47.203649
20220331_SUBMISSION_WALL PENETRATIONS,failed,3,33.33333333333333,1,2,2,GR-ATH3-Z-B1-MYT-DD-A-03204,0.69,2,2025-10-18T17:17:47.203731
20220401_SUBMISSION_01_04_22,partial,18,83.33333333333334,15,3,2,GR-ATH3-Z-B1-MYT-DD-A-22010,3.0,3,2025-10-18T17:17:47.890131
20220405_SUBMISSION_08_04_22,skipped,1,0.0,0,0,0,,0.0,1,2025-10-18T17:17:50.890454
20220407_SUBMISSION_BASEMENT PLANS,success,9,100.0,9,0,3,GR-ATH3-Z-B1-MYT-DD-A-22010,2.18,0,2025-10-18T17:17:50.890520
20220407_SUBMISSION_WALL_TYPES,skipped,2,0.0,0,0,0,,0.0,1,2025-10-18T17:17:53.071823
20220408_OST_SUBMISSION PERMIT REVISION,skipped,1,0.0,0,0,0,,0.0,1,2025-10-18T17:17:53.071911
20220408_SUBMISSION,failed,4,0.0,0,4,1,GR-ATH3-Z-XX-MYT-DD-A-31002,0.57,4,2025-10-18T17:17:53.071950
20220412_SUBMISSION_B1_STRUCTURAL,skipped,1,0.0,0,0,0,,0.0,1,2025-10-18T17:17:53.637787
20220412_SUBMISSION_BASEMENT,partial,10,90.0,9,1,5,GR-ATH3-Z-B1-MYT-DD-A-22010,2.09,1,2025-10-18T17:17:53.637845
20220413_RESUBMISSION_B1_STRUCTURAL_NOREVISION,skipped,1,0.0,0,0,0,,0.0,1,2025-10-18T17:17:55.732128
20220415_SUBMISSION ΓΕΦΥΡΑ,skipped,1,0.0,0,0,0,,0.0,1,2025-10-18T17:17:55.732196
20220415_SUBMISSION_15-04_22,failed,36,0.0,0,0,0,GR-ATH3-Z-L1-MYT-DD-A-03000,5.08,1,2025-10-18T17:17:55.732236
20220418_SUBMISSION_18_04_22,skipped,2,0.0,0,0,0,,0.0,1,2025-10-18T17:18:00.822422
20220419_SUBMISSION_,skipped,1,0.0,0,0,0,,0.0,1,2025-10-18T17:18:00.822559
20220419_SUBMISSION_WALL DETAILS BASEMENT_ELIZA,skipped,2,0.0,0,0,0,,0.0,1,2025-10-18T17:18:00.822605
20220419_SUBMISSION_WALL TYPES_ELIZA,failed,3,0.0,0,0,0,GR-ATH3-Z-B1-MYT-DR-A-42000,1.12,1,2025-10-18T17:18:00.822650
20220421_SUBMISSION_21-04-22,partial,21,80.95238095238095,17,4,2,GR-ATH3-Z-B1-MYT-DD-A-03000,4.14,4,2025-10-18T17:18:01.947482
20220503_SUBMISSION,failed,6,50.0,3,3,2,GR-ATH3-Z-B1-MYT-DD-A-03204,0.83,3,2025-10-18T17:18:06.093877
20220505_SUBMISSION,failed,20,0.0,0,0,0,GR-ATH3-Z-B1-MYT-DD-A-03201,2.63,1,2025-10-18T17:18:06.923856
20220506_AZ-V23-P3 SUBMISSION,skipped,1,0.0,0,0,0,,0.0,1,2025-10-18T17:18:09.554070
20220506_SUBMISSION,partial,13,84.61538461538461,11,2,1,GR-ATH3-Z-B1-MYT-DD-A-03201,2.94,2,2025-10-18T17:18:09.554155
20220509_SUBMISSION,success,15,100.0,15,0,2,GR-ATH3-Z-B1-MYT-DD-A-21000,2.98,0,2025-10-18T17:18:12.493663
20220510_SUBMISSION,partial,7,85.71428571428571,6,1,1,GR-ATH3-Z-B1-MYT-DD-A-03201,0.57,1,2025-10-18T17:18:15.477465
20220513_SUBMISSION,failed,4,50.0,2,2,1,GR-ATH3-Z-B1-MYT-DD-A-43000,0.7,2,2025-10-18T17:18:16.051731
20220513_ΕΛΙΖΑ_SUBMISSION-BASEMENT,failed,4,25.0,1,3,1,GR-ATH3-Z-B1-MYT-DD-A-43000,0.57,3,2025-10-18T17:18:16.755837
20220523_SUBMISSION,partial,16,93.75,15,1,2,GR-ATH3-Z-B1-MYT-DD-A-21000,1.44,1,2025-10-18T17:18:17.324767
20220524_SUBMISSION-BASEMENT,failed,5,40.0,2,3,1,GR-ATH3-Z-B1-MYT-DD-A-03206,0.84,3,2025-10-18T17:18:18.768227
20220525_SUBMISSION L0,failed,6,0.0,0,6,3,GR-ATH3-Z-L0-MYT-DD-A-03000,4.43,6,2025-10-18T17:18:19.605785
20220525_SUBMISSION-BASEMENT,success,4,100.0,4,0,2,GR-ATH3-Z-B1-MYT-DD-A-22012,0.44,0,2025-10-18T17:18:24.032063
"20220531_DD SUBMISSION (R1,S1)",skipped,1,0.0,0,0,0,,0.0,1,2025-10-18T17:18:24.469828
20220601_SUBMISSION-L0,partial,30,90.0,27,3,2,GR-ATH3-Z-L0-MYT-DD-A-33003,21.24,3,2025-10-18T17:18:24.469910
"20220607_DD SUBMISSION (R2,S4)",skipped,1,0.0,0,0,0,,0.0,1,2025-10-18T17:18:45.714616
20220608_SUBMISSION,skipped,2,0.0,0,0,0,,0.0,1,2025-10-18T17:18:45.714696
20220608_SUBMISSION-L1,success,11,100.0,11,0,2,GR-ATH3-Z-L1-MYT-DD-A-03000,1.67,0,2025-10-18T17:18:45.714734
20220608_SUBMISSION-SITE-PLAN,skipped,1,0.0,0,0,0,,0.0,1,2025-10-18T17:17:37.384687
20220608_SUBMISSION_ELIZA,skipped,2,0.0,0,0,0,,0.0,1,2025-10-18T17:17:37.384830
20220615-SUBMISSION-NEW-1,success,8,100.0,8,0,2,GR-ATH3-Z-L1-MYT-DD-A-31001,0.37,0,2025-10-18T17:17:37.384864
20220615-SUBMISSION-NEW-2,success,4,100.0,4,0,2,GR-ATH3-Z-B1-MYT-DD-A-22002,0.77,0,2025-10-18T17:17:37.756136
20220615-SUBMISSION-NEW-3,failed,7,0.0,0,7,1,GR-ATH3-Z-R0-MYT-DD-A-27002,0.47,7,2025-10-18T17:17:38.527292
20220616_SUBMISSION,success,4,100.0,4,0,5,GR-ATH3-Z-L1-MYT-DD-A-22011,0.49,0,2025-10-18T17:17:39.001193
20220617_SUBMISSION,failed,4,0.0,0,4,1,GR-ATH3-Z-R0-MYT-DD-A-27001,2.65,4,2025-10-18T17:17:39.493973
20220617_SUBMISSION_SS-DOORS,skipped,1,0.0,0,0,0,,0.0,1,2025-10-18T17:17:42.142183
20220620_SUBMISSION PART 2,failed,4,50.0,2,2,2,GR-ATH3-Z-R0-MYT-DD-A-27001,0.18,2,2025-10-18T17:17:42.142233
20220620_SUBMISSION_PART 1,skipped,2,0.0,0,0,0,,0.0,1,2025-10-18T17:17:42.320723
20220621_SUBMISSION,failed,5,20.0,1,4,3,GR-ATH3-Z-R0-MYT-DD-A-27003,0.48,4,2025-10-18T17:17:42.320797
20220622_SUBMISSION,failed,8,62.5,5,3,1,GR-ATH3-Z-L1-MYT-DD-A-21004,0.55,3,2025-10-18T17:17:42.804870
20220624_SUBMISSION,failed,3,33.33333333333333,1,2,3,GR-ATH3-Z-ZZ-MYT-DD-A-24004,0.18,2,2025-10-18T17:17:43.357087
20220626_SUBMISSION,failed,4,75.0,3,1,1,GR-ATH3-Z-B1-MYT-DD-A-22000,0.94,1,2025-10-18T17:17:43.536564
20220627_RAISED FLOOR SUBMISSION,skipped,1,0.0,0,0,0,,0.0,1,2025-10-18T17:17:44.473106
20220627_SUBMISSION_DEDDIE,success,4,100.0,4,0,4,GR-ATH3-Z-B1-MYT-DR-S-20000,3.68,0,2025-10-18T17:17:44.473147
20220629_SUBMISSION L0,success,11,100.0,11,0,3,GR-ATH3-Z-L0-MYT-DD-A-03000,6.87,0,2025-10-18T17:17:48.157270
20220630-SUBMISSION_2,success,16,100.0,16,0,3,GR-ATH3-X-XX-MYT-SH-A-40000,3.53,0,2025-10-18T17:17:55.023683
20220630_SUBMISSION,success,7,100.0,7,0,2,GR-ATH3-X-XX-MYT-SH-A-40002,0.74,0,2025-10-18T17:17:58.552587
20220630_SUBMISSION_3 MEP,skipped,2,0.0,0,0,0,,0.0,1,2025-10-18T17:17:59.289287
20220705_SUBMISSION,failed,12,50.0,6,6,3,GR-ATH3-Z-L0-MYT-DD-A-21006,1.8,6,2025-10-18T17:17:59.289333
20220705_SUBMISSION MEP HOLES,success,5,100.0,5,0,2,GR-ATH3-Z-L2-MYT-DD-A-33000,0.46,0,2025-10-18T17:18:01.086538
20220706_SUBMISSION,success,18,100.0,18,0,2,GR-ATH3-X-XX-MYT-SH-A-40000,1.46,0,2025-10-18T17:18:01.543985
20220706_SUBMISSION MEP HOLE L0,success,3,100.0,3,0,2,GR-ATH3-Z-L0-MYT-DD-A-33000,0.93,0,2025-10-18T17:18:03.001673
20220707_SUBMISSION,partial,15,86.66666666666667,13,2,2,GR-ATH3-Z-B1-MYT-DD-A-32000,1.77,2,2025-10-18T17:18:03.931661
20220707_SUBMISSION MEP HOLES L0,success,8,100.0,8,0,2,GR-ATH3-Z-L0-MYT-DD-A-33000,1.23,0,2025-10-18T17:18:05.704656
20220708_SUBMISSION,failed,8,0.0,0,8,1,GR-ATH3-Z-L0-MYT-DD-A-03001,0.6,8,2025-10-18T17:18:06.937882
20220708_SUBMISSION SITE,success,3,100.0,3,0,7,GR-ATH3-Z-XX-MYT-DR-A-01000,0.72,0,2025-10-18T17:18:07.535799
20220711_SUBMISSION,failed,13,53.84615384615385,7,6,4,GR-ATH3-Z-B1-MYT-DD-A-32002,0.62,6,2025-10-18T17:18:08.256208
20220713_SUBMISSION_STRUCTURAL_FORMWORK,success,6,100.0,6,0,4,GR-ATH3-Z-B1-MYT-DR-S-20000,5.44,0,2025-10-18T17:18:08.876682
20220715_SUBMISSION,failed,10,0.0,0,10,1,GR-ATH3-Z-L0-MYT-DR-A-03001,5.3,10,2025-10-18T17:18:14.322644
20220718_SUBMISSION,skipped,1,0.0,0,0,0,,0.0,1,2025-10-18T17:18:19.627120
20220720_SUBMISSION,failed,4,0.0,0,4,1,GR-ATH3-Z-L0-MYT-DD-A-03003,0.41,4,2025-10-18T17:18:19.627165
20220728_SUBMISSION,skipped,1,0.0,0,0,0,,0.0,1,2025-10-18T17:18:20.042198
20220729_SUBMISSION,failed,4,25.0,1,3,2,GR-ATH3-Z-L1-MYT-DD-A-21004,0.34,3,2025-10-18T17:18:20.042236
20220729_TD_SC_I-SUBMISSION SCHEDULE_00,skipped,1,0.0,0,0,0,,0.0,1,2025-10-18T17:18:20.385822
20220805_LOADING BAY SUBMISSION,failed,5,0.0,0,5,1,GR-ATH3-Z-L0-MYT-DD-A-03001,0.37,5,2025-10-18T17:18:20.385860
20220907_Submission rejected,success,4,100.0,4,0,3,GR-ATH3-Z-ZZ-MYT-DD-A-41000,0.19,0,2025-10-18T17:18:20.757650
20220909_SUBMISSION REJECTED,failed,9,55.55555555555556,5,4,2,GR-ATH3-Z-L0-MYT-DD-A-21002,0.46,4,2025-10-18T17:18:20.944746
20220912_SUBMISSION,skipped,1,0.0,0,0,0,,0.0,1,2025-10-18T17:18:21.401306
"20220913_DD SUBMISSION (R2,R1-T,S4_Renders)",skipped,1,0.0,0,0,0,,0.0,1,2025-10-18T17:18:21.401348
20220914_SUBMISSION,skipped,1,0.0,0,0,0,,0.0,1,2025-10-18T17:18:21.401371
20220916_SUBMISSIONS DOORS L0,failed,3,33.33333333333333,1,2,1,GR-ATH3-Z-L0-MYT-DD-A-21005,0.33,2,2025-10-18T17:18:21.401392
20220919_SUBMISSION,failed,4,75.0,3,1,2,GR-ATH3-Z-B1-MYT-DD-A-31005,0.2,1,2025-10-18T17:18:21.733050
20220920-DD SUBMISSION,skipped,1,0.0,0,0,0,,0.0,1,2025-10-18T17:18:21.934665
20220920_SUBMISSION,skipped,2,0.0,0,0,0,,0.0,1,2025-10-18T17:18:21.934715
"20220921_TD SUBMISSION (INTERIOR)_(R2,R1-T,S4)",skipped,1,0.0,0,0,0,,0.0,1,2025-10-18T17:18:21.934741
20220922_SUBMISSION,skipped,1,0.0,0,0,0,,0.0,1,2025-10-18T17:18:21.934762
20220923_NEW SUBMISSION,failed,9,66.66666666666666,6,3,5,GR-ATH3-Z-L0-MYT-DD-A-21001,0.85,3,2025-10-18T17:18:21.934783
20220923_SUBMISSION,failed,6,50.0,3,3,5,GR-ATH3-Z-L0-MYT-DD-A-21001,0.61,3,2025-10-18T17:18:22.781138
"20220923_TD SUBMISSION (INTERIOR)_FABRICSCHEDULE & FFE PLANS (R1,S1)",skipped,1,0.0,0,0,0,,0.0,1,2025-10-18T17:18:23.391488
20220928_SUBMISSION_SEPTEMBER,failed,22,68.18181818181817,15,7,3,GR-ATH3-Z-B1-MYT-DD-A-31005,3.26,7,2025-10-18T17:18:23.395959
20220929_SUBMISSION,failed,3,33.33333333333333,1,2,2,GR-ATH3-Z-ZZ-MYT-DD-A-24006,0.71,2,2025-10-18T17:18:26.653768
20220930_LAMDA_BEP Submition,skipped,1,0.0,0,0,0,,0.0,1,2025-10-18T17:18:27.362778
"20220930_TD SUBMISSION (INTERIOR)_DECORATIVE ELEMENTS(R1,S1)",skipped,2,0.0,0,0,0,,0.0,1,2025-10-18T17:18:27.362841
20221003_SUBMISSION,failed,5,40.0,2,3,4,GR-ATH3-Z-L2-MYT-DD-A-32000,1.22,3,2025-10-18T17:18:27.362878
20221004_SUBMISSION ROOF,skipped,2,0.0,0,0,0,,0.0,1,2025-10-18T17:18:28.583319
20221006_SUBMISSION,partial,6,83.33333333333334,5,1,2,GR-ATH3-Z-R0-MYT-DD-A-21004,0.67,1,2025-10-18T17:18:28.583382
20221006_SUBMISSION ROOF WITH SLOPES,skipped,1,0.0,0,0,0,,0.0,1,2025-10-18T17:18:29.258674
20221007_SUBMISSION,failed,5,20.0,1,4,1,GR-ATH3-Z-L0-MYT-DD-A-21001,0.53,4,2025-10-18T17:18:29.258735
20221012_SUBMISSION PEDESTAL L1,skipped,1,0.0,0,0,0,,0.0,1,2025-10-18T17:18:29.790080
20221013_SUBMISSION,skipped,2,0.0,0,0,0,,0.0,1,2025-10-18T17:18:29.790141
20221014_SUBMISSION ELEVATIONS,skipped,2,0.0,0,0,0,,0.0,1,2025-10-18T17:18:29.790180
20221021_SUBMISSION BRIDGE,failed,3,66.66666666666666,2,1,1,GR-ATH3-Z-L1-MYT-DD-A-21004,0.42,1,2025-10-18T17:18:29.790216
"20221021_SUBMISSION CEILING B1,DETAILS",skipped,2,0.0,0,0,0,,0.0,1,2025-10-18T17:18:30.214763
20221026_ SUBMISSION,failed,13,53.84615384615385,7,6,3,GR-ATH3-Z-R0-MYT-DD-A-27004,2.05,6,2025-10-18T17:18:30.214827
20221026_BRIDGE SUBMISSION,failed,3,66.66666666666666,2,1,1,GR-ATH3-Z-L1-MYT-DD-A-21014,0.42,1,2025-10-18T17:18:32.269623
"20221027_TD SUBMISSION (INTERIOR)_(R1,S1)",skipped,1,0.0,0,0,0,,0.0,1,2025-10-18T17:18:32.692992
20221027_TD SUBMISSION (INTERIOR)_MOCK-UP BUILDING,skipped,1,0.0,0,0,0,,0.0,1,2025-10-18T17:18:32.693050
20221119_LAMDA_PD New Submission Dates,skipped,1,0.0,0,0,0,,0.0,1,2025-10-18T17:18:32.693089
20221121_PD Submission Dates UPD,skipped,1,0.0,0,0,0,,0.0,1,2025-10-18T17:18:32.693126
20221123_ACC_PD Submission,skipped,1,0.0,0,0,0,,0.0,1,2025-10-18T17:18:32.693164
20221123_TEMES_BP SUBMISSION,failed,17,0.0,0,0,0,BLP_PROE-DOC_ΤΙΤΛΟΣ_18169-Pages_1-70,2.76,1,2025-10-18T17:18:32.693200
20221124_ACC_PD Submission CR,skipped,1,0.0,0,0,0,,0.0,1,2025-10-18T17:18:35.461881
20221128_ACC_Submission CR2,skipped,1,0.0,0,0,0,,0.0,1,2025-10-18T17:18:35.461969
20221128_LIGHT_PD Submission CR,skipped,1,0.0,0,0,0,,0.0,1,2025-10-18T17:18:35.462009
20221128_SIGN_PD Submission,skipped,1,0.0,0,0,0,,0.0,1,2025-10-18T17:18:35.462046
20221129-Clash detection Submission Reports,failed,12,0.0,0,0,0,4005-RES-VAP-RPT-234-PD-00100-A,0.81,1,2025-10-18T17:18:35.462084
20221129_PD Submissions,skipped,1,0.0,0,0,0,,0.0,1,2025-10-18T17:18:36.276576
20221129_SUBMISSION-PALIA,failed,8,25.0,2,6,1,GR-ATH3-Z-L0-MYT-DD-A-22000,1.73,6,2025-10-18T17:18:36.276641
20221129_SUST_PD Submission,skipped,1,0.0,0,0,0,,0.0,1,2025-10-18T17:18:38.002346
20221130_SUBMISSION LAST,failed,6,0.0,0,6,1,GR-ATH3-Z-L1-MYT-DR-A-03000,1.79,6,2025-10-18T17:18:38.002407
20221201_LAMDA_PD Submission 29,skipped,1,0.0,0,0,0,,0.0,1,2025-10-18T17:18:39.796990
20221201_TRAFFIC_PD Submission TOC,skipped,1,0.0,0,0,0,,0.0,1,2025-10-18T17:18:39.797050
20221202_ACC_PD Submission Remarks,skipped,1,0.0,0,0,0,,0.0,1,2025-10-18T17:18:39.797088
20221202_LAMDA Public Substation General Arrangement,skipped,1,0.0,0,0,0,,0.0,1,2025-10-18T17:18:39.797125
20221202_LAMDA_TOC Submission,skipped,1,0.0,0,0,0,,0.0,1,2025-10-18T17:18:39.797161
20221202_LDK_LAMDA Submission Remarks,failed,3,0.0,0,0,0,4005-RES-LDK-DWG-263-PD-00001-A,1.91,1,2025-10-18T17:18:39.797198
20221202_SIGN_PD Submission Remarks,skipped,1,0.0,0,0,0,,0.0,1,2025-10-18T17:18:41.710079
20221205_LIGHT_PD Submission UPD,skipped,1,0.0,0,0,0,,0.0,1,2025-10-18T17:18:41.710166
20221205_PD Submission CORRECTED,skipped,1,0.0,0,0,0,,0.0,1,2025-10-18T17:18:41.710205
20221206_ACC_PD Submission UPD,skipped,1,0.0,0,0,0,,0.0,1,2025-10-18T17:18:41.710247
20221206_SIGN_PD Submission UPD,skipped,1,0.0,0,0,0,,0.0,1,2025-10-18T17:18:41.710287
20221207_NEW SUBMISSION DOOR SCHEDULE,success,3,100.0,3,0,3,GR-ATH3-Z-XX-MYT-DD-A-03001,1.71,0,2025-10-18T17:18:41.710324
20221207_TRAFFIC_PD Submission UPD2,skipped,1,0.0,0,0,0,,0.0,1,2025-10-18T17:18:43.421485
20221208_ACC_PD Submission UPD2,skipped,1,0.0,0,0,0,,0.0,1,2025-10-18T17:18:43.421558
20221209_LND_PD_Submission,failed,30,0.0,0,0,0,4005-RES-GRE-DWG-270-PD-00026-29,9.19,1,2025-10-18T17:18:43.421595
"20221212_TD SUBMISSION (INTERIOR)_(R1,S1)_REVISION",skipped,1,0.0,0,0,0,,0.0,1,2025-10-18T17:18:52.609607
20221212_TD SUBMISSION (INTERIOR)_MOCK-UP BUILDING_UPDATED,skipped,1,0.0,0,0,0,,0.0,1,2025-10-18T17:18:52.609680
20221213_SUBMISSONS INTERIOR WIP,skipped,1,0.0,0,0,0,,0.0,1,2025-10-18T17:18:52.609703
20221216_LND_PD Submission TOC,skipped,1,0.0,0,0,0,,0.0,1,2025-10-18T17:18:52.609723
20221220_SUBMISSION,skipped,1,0.0,0,0,0,,0.0,1,2025-10-18T17:18:52.609744
20221220_SUST_PD Submission 20221222,skipped,1,0.0,0,0,0,,0.0,1,2025-10-18T17:18:47.389464
20221222_TD SUBMISSION (INTERIOR)_(CORRIDOR),skipped,1,0.0,0,0,0,,0.0,1,2025-10-18T17:18:47.389532
20221223_LAMDA_LND PD Submission Comments,skipped,1,0.0,0,0,0,,0.0,1,2025-10-18T17:18:47.389570
20221223_PD Submission_Round 3,skipped,1,0.0,0,0,0,,0.0,1,2025-10-18T17:18:47.389606
2023-11-20_MEP PERMIT SUBMISSION,skipped,1,0.0,0,0,0,,0.0,1,2025-10-18T17:18:47.389642
20230102_LAMDA_PD Submission DC Comments,skipped,1,0.0,0,0,0,,0.0,1,2025-10-18T17:18:47.389679
20230113_LAMDA_Substation DEDDIE PDF,skipped,1,0.0,0,0,0,,0.0,1,2025-10-18T17:18:47.389715
20230116_BIG_Public Substation General Arrangement,skipped,1,0.0,0,0,0,,0.0,1,2025-10-18T17:18:47.389751
20230116_BIG_Substation Arrangement UPD,skipped,1,0.0,0,0,0,,0.0,1,2025-10-18T17:18:47.389786
20230116_LAMDA_Substation DEDDIE DWG,skipped,1,0.0,0,0,0,,0.0,1,2025-10-18T17:18:47.389823
20230116_LAMDA_Substation DEDDIE PDF UPD,skipped,1,0.0,0,0,0,,0.0,1,2025-10-18T17:18:47.389859
20230116_LDK-HEM_Substation plans UPD,skipped,2,0.0,0,0,0,,0.0,1,2025-10-18T17:18:47.389895
20230118_BOQ Submission_Rev 2,skipped,1,0.0,0,0,0,,0.0,1,2025-10-18T17:18:47.389929
"20230124_TD SUBMISSION (INTERIOR)_(R1,S1)_REV",skipped,1,0.0,0,0,0,,0.0,1,2025-10-18T17:18:47.389965
20230130_ΥΠΕ_FINAL SUBMISSION,skipped,2,0.0,0,0,0,,0.0,1,2025-10-18T17:18:47.390002
20230202_LND_PD Submission Closure-TOC UPD,skipped,1,0.0,0,0,0,,0.0,1,2025-10-18T17:18:47.390038
"20230208_TD SUBMISSION (INTERIOR)_(R2,R1-T,S4)_REV",skipped,1,0.0,0,0,0,,0.0,1,2025-10-18T17:18:47.390073
20230209_SUBMISSION,failed,4,0.0,0,4,1,GR-ATH3-Z-ZZ-MYT-DD-A-21004,0.67,4,2025-10-18T17:18:47.390108
20230213_HILL_Regupol Sub-base Doc,skipped,1,0.0,0,0,0,,0.0,1,2025-10-18T17:18:48.062512
20230213_SD_SUBMISSION (FLOOR ROOMS)_MOCK-UP BUILDING_REV,skipped,1,0.0,0,0,0,,0.0,1,2025-10-18T17:18:48.062553
20230217_BIG_New Substation Position for DEDDIE Meeting,skipped,1,0.0,0,0,0,,0.0,1,2025-10-18T17:18:48.062587
20230220_BIG_Substation Info,skipped,1,0.0,0,0,0,,0.0,1,2025-10-18T17:18:48.062623
20230222_SD_SUBMISSION (FLOOR OUTDOOR)_MOCK-UP BUILDING_REV,skipped,1,0.0,0,0,0,,0.0,1,2025-10-18T17:18:48.062661
20230309_CD_SUBMISSION (BUILDING 16),skipped,1,0.0,0,0,0,,0.0,1,2025-10-18T17:18:48.062693
"20230309_SUBMISSION B1, L0 DOORS",success,3,100.0,3,0,2,GR-ATH3-Z-B1-MYT-DD-A-03000,0.32,0,2025-10-18T17:18:48.062715
20230310_ID Submission Rev B,skipped,1,0.0,0,0,0,,0.0,1,2025-10-18T17:18:48.378043
20230310_TEMES_B05 - TD_SUBMISSION PACKAGE #01,skipped,1,0.0,0,0,0,,0.0,1,2025-10-18T17:18:48.378086
20230310_submission after VE,failed,3,0.0,0,0,0,4005-RES-VAP-RPT-233-PD-00008-B-TEMPLATE,0.48,1,2025-10-18T17:18:48.378108
"20230314_TEMES_TD_Interior_Submission_R1-T, R2 & S4_rev01",skipped,1,0.0,0,0,0,,0.0,1,2025-10-18T17:18:48.861423
20230324_DD SUBMISSION (S2,skipped,1,0.0,0,0,0,,0.0,1,2025-10-18T17:18:48.861475
20230324_L0 PLANS SUBMISSION,failed,18,5.555555555555555,1,17,1,GR-ATH3-Z-L0-MYT-DD-A-03000,3.39,17,2025-10-18T17:18:48.861499
"20230327_KSTUDIO_Submission (B03, B04)",skipped,2,0.0,0,0,0,,0.0,1,2025-10-18T17:18:52.250913
"20230327_TEMES_Interior_Submission_R1-T, R2 & S4_rev01",skipped,1,0.0,0,0,0,,0.0,1,2025-10-18T17:18:52.250982
"20230328_CD_SUBMISSION (BUILDING 03,04)",skipped,1,0.0,0,0,0,,0.0,1,2025-10-18T17:18:52.251005
20230331_DD SUBMISSION (INTERIOR)_(S2-3),skipped,1,0.0,0,0,0,,0.0,1,2025-10-18T17:18:52.251027
20230331_TEMES_B05 - TD_SUBMISSION PACKAGE #02,skipped,1,0.0,0,0,0,,0.0,1,2025-10-18T17:18:52.251048
20230403-ID submission,failed,4,0.0,0,0,0,4005-RES-VAP-RPT-233-PD-00008-B,2.71,1,2025-10-18T17:18:52.251069
20230403_LAMDA_Substation position Closed,skipped,1,0.0,0,0,0,,0.0,1,2025-10-18T17:18:54.962207
20230405_LAMDA_Submission ID-Comments,skipped,1,0.0,0,0,0,,0.0,1,2025-10-18T17:18:54.962290
20230406_ID 15d Submission,skipped,1,0.0,0,0,0,,0.0,1,2025-10-18T17:18:54.962328
20230407_LND_Submission PD 15d Master Schedule,skipped,1,0.0,0,0,0,,0.0,1,2025-10-18T17:18:54.962362
20230410_LND_Submission PD 15d Master Schedule Report UPD,skipped,1,0.0,0,0,0,,0.0,1,2025-10-18T17:18:54.962399
"20230412_TD SUBMISSION (INTERIOR)_(R2,R1-T,S4)_REV",skipped,1,0.0,0,0,0,,0.0,1,2025-10-18T17:18:54.962436
20230425_LDK_New substation dimensions,skipped,2,0.0,0,0,0,,0.0,1,2025-10-18T17:18:54.962471
20230426_LAMDA_Substation Design UPD,skipped,1,0.0,0,0,0,,0.0,1,2025-10-18T17:18:54.962507
20230426_LDK_DEDDIE Question & New Substation Plan,skipped,2,0.0,0,0,0,,0.0,1,2025-10-18T17:18:54.962542
20230505_LDK_New Substation Drawings,skipped,1,0.0,0,0,0,,0.0,1,2025-10-18T17:18:54.962577
20230505_TEMES_B05 - TD_SUBMISSION PACKAGE #03,skipped,1,0.0,0,0,0,,0.0,1,2025-10-18T17:18:54.962612
20230508_DELTA-THETA_B05_SUBMISSION PACKAGE #03_PLANS,skipped,1,0.0,0,0,0,,0.0,1,2025-10-18T17:18:54.962648
20230508_SCHUBERT_B05_SUBMISSION PACKAGE #03_PLANS,failed,5,0.0,0,0,0,BLP-VAP-ARC-TD-A-B05-1-1001_01,1.73,1,2025-10-18T17:18:54.962684
20230508_TEMES_B05_SUBMISSION PACKAGE #03_PLANS,skipped,2,0.0,0,0,0,,0.0,1,2025-10-18T17:18:56.691161
20230508_WTSERV_B05_SUBMISSION PACKAGE #03_PLANS,skipped,1,0.0,0,0,0,,0.0,1,2025-10-18T17:18:52.611807
20230511_BIG_CGI Presentation Submittal,skipped,1,0.0,0,0,0,,0.0,1,2025-10-18T17:18:52.611850
20230511_HEM_Substation 17,skipped,1,0.0,0,0,0,,0.0,1,2025-10-18T17:18:52.611874
20230512_TEMES_B05 - TD_SUBMISSION PACKAGE #04,skipped,1,0.0,0,0,0,,0.0,1,2025-10-18T17:18:52.611895
20230524_LAMDA_Substation 17,skipped,1,0.0,0,0,0,,0.0,1,2025-10-18T17:18:52.611917
20230526_TEMES_B05 - TD_SUBMISSION PACKAGE #05,skipped,1,0.0,0,0,0,,0.0,1,2025-10-18T17:18:52.611938
20230530_AZ-24-FINAL SUBMISSION,skipped,1,0.0,0,0,0,,0.0,1,2025-10-18T17:18:52.611959
20230530_TEMES_B05 - TD_SUBMISSION PACKAGE #06,skipped,1,0.0,0,0,0,,0.0,1,2025-10-18T17:18:52.611981
20230601_TEMES_B05 - TD_SUBMISSION PACKAGE #07,skipped,1,0.0,0,0,0,,0.0,1,2025-10-18T17:18:52.612001
20230602_DD Submission KESA Documentation,skipped,1,0.0,0,0,0,,0.0,1,2025-10-18T17:18:52.612024
20230603_SUBMISSION KESA DWG,failed,19,0.0,0,0,0,4005-RES-VAP-MDD-234-DD-00001_a-liagkou-B01-TABLE-2544952,0.02,1,2025-10-18T17:18:52.612044
20230607-KEΣA SUBMISSION,skipped,1,0.0,0,0,0,,0.0,1,2025-10-18T17:18:52.635616
20230607_DD Submission KESA,skipped,1,0.0,0,0,0,,0.0,1,2025-10-18T17:18:52.635668
20230612_LAMDA_Substation GF Plan UPD,skipped,1,0.0,0,0,0,,0.0,1,2025-10-18T17:18:52.635704
20230616_DD_Submission PERMIT PRE-APPROVAL,skipped,1,0.0,0,0,0,,0.0,1,2025-10-18T17:18:52.635753
20230616_Substation Section Typical,skipped,1,0.0,0,0,0,,0.0,1,2025-10-18T17:18:52.635787
20230616_Substation pdf,skipped,1,0.0,0,0,0,,0.0,1,2025-10-18T17:18:52.635821
20230620_LAMDA_KESA Submission PDFs+Coverage DWG,skipped,1,0.0,0,0,0,,0.0,1,2025-10-18T17:18:52.635857
20230621_DD Submission KESA Hardcopies,skipped,1,0.0,0,0,0,,0.0,1,2025-10-18T17:18:52.635892
20230623_DD_Submission_S2,skipped,1,0.0,0,0,0,,0.0,1,2025-10-18T17:18:52.635928
20230623_DD_Submission_TRAFFIC STUDY FINAL,skipped,1,0.0,0,0,0,,0.0,1,2025-10-18T17:18:52.635963
20230623_TOPO FINAL SUBMITTED EADEIES,skipped,1,0.0,0,0,0,,0.0,1,2025-10-18T17:18:52.636000
20230628_SIGN_DD Submission TPL & Remarks,skipped,1,0.0,0,0,0,,0.0,1,2025-10-18T17:18:52.636036
20230628_SIGN_DD Submittal UPD,skipped,1,0.0,0,0,0,,0.0,1,2025-10-18T17:18:52.636072
20230629_SIGN_DD Submission,skipped,1,0.0,0,0,0,,0.0,1,2025-10-18T17:18:52.636111
20230629_SUST_DD Submission,skipped,1,0.0,0,0,0,,0.0,1,2025-10-18T17:18:52.636147
20230630 JEPA_PD SUBMISSION 3,skipped,1,0.0,0,0,0,,0.0,1,2025-10-18T17:18:52.636184
20230630_DD Submission Plans,success,31,100.0,31,0,2,4005-RES-VAP-DWG-233-DD-05000-A,6.36,0,2025-10-18T17:18:52.636220
20230630_LDK_DD MEP Submission,skipped,1,0.0,0,0,0,,0.0,1,2025-10-18T17:18:58.999384
20230630_LIGHT_DD Submission,skipped,1,0.0,0,0,0,,0.0,1,2025-10-18T17:18:58.999452
20230630_TEMES_B05 - TD_SUBMISSION PACKAGE #08,skipped,1,0.0,0,0,0,,0.0,1,2025-10-18T17:18:58.999474
20230703_VAP_BIG DD Submittal Unit Distribution,skipped,1,0.0,0,0,0,,0.0,1,2025-10-18T17:18:58.999495
20230705_ACONEX PLANS TO BE SUBSTITUTED,failed,13,0.0,0,0,0,4005-RES-GRE-BOQ-270-DD-00001-A,2.28,1,2025-10-18T17:18:58.999515
20230705_HEM_DD Submission New Template Remarks,skipped,1,0.0,0,0,0,,0.0,1,2025-10-18T17:19:01.287074
20230705_LND_BOQ DD Submission Substitution,skipped,1,0.0,0,0,0,,0.0,1,2025-10-18T17:19:01.287142
20230705_LND_BOQ DD Submission Substitution Final,skipped,1,0.0,0,0,0,,0.0,1,2025-10-18T17:19:01.287168
20230706_LAMDA_ID DD Submission Comments,skipped,1,0.0,0,0,0,,0.0,1,2025-10-18T17:19:01.287201
"20230706_SD SUBMISSION (INTERIOR)_(S1-V,2B)_REV",skipped,1,0.0,0,0,0,,0.0,1,2025-10-18T17:19:01.287224
20230710_LIGHT_DD Submission 30,skipped,1,0.0,0,0,0,,0.0,1,2025-10-18T17:19:01.287245
20230711_TEMES_B05 - TD_SUBMISSION PACKAGE #09,skipped,1,0.0,0,0,0,,0.0,1,2025-10-18T17:19:01.287266
20230719_SD SUBMISSION (INTERIOR)_(S6)_REV,skipped,1,0.0,0,0,0,,0.0,1,2025-10-18T17:19:01.287287
20230721_DD_ID_Submission B,skipped,2,0.0,0,0,0,,0.0,1,2025-10-18T17:19:01.287308
20230721_TEMES_SD Submission_S1-V& 2B_rev,skipped,1,0.0,0,0,0,,0.0,1,2025-10-18T17:19:01.287328
20230726_DD_Submission_TRAFFIC STUDY Remarks Implementation,failed,7,0.0,0,0,0,4005-RES-VAP-DWG-234-DD-02052-A,3.23,1,2025-10-18T17:19:01.287349
20230728_SUST_DD Submission Report Rev,skipped,1,0.0,0,0,0,,0.0,1,2025-10-18T17:19:04.517651
20230801_LND_DD Submission TOC & Metadata,skipped,1,0.0,0,0,0,,0.0,1,2025-10-18T17:19:04.517738
20230803_SUST_DD Submission Remarks Package,skipped,1,0.0,0,0,0,,0.0,1,2025-10-18T17:19:04.517770
20230804_BIG_DD Submission,skipped,2,0.0,0,0,0,,0.0,1,2025-10-18T17:19:04.517792
20230804_DD Submission -BIG  Remarks Implementation,skipped,2,0.0,0,0,0,,0.0,1,2025-10-18T17:19:04.517813
20230823_HEM_DEDDIE Substation STR Plans,skipped,1,0.0,0,0,0,,0.0,1,2025-10-18T17:19:04.517833
20230909_LIGHT_DD SUBMISSION 15092023_TOC&METADATA,skipped,1,0.0,0,0,0,,0.0,1,2025-10-18T17:19:04.517854
20230913_LIGHT_DD Submission Package 15,skipped,1,0.0,0,0,0,,0.0,1,2025-10-18T17:18:56.694900
20230915_SUST_DD Submission Package 15,skipped,1,0.0,0,0,0,,0.0,1,2025-10-18T17:18:56.694977
"20230921_TD SUBMISSION (FFE & Fabrics)_(MUR CORRIDOR,R1&S1)_REV",skipped,1,0.0,0,0,0,,0.0,1,2025-10-18T17:18:56.695017
20230927_DD Submission IFI Doc Control Remarks,skipped,1,0.0,0,0,0,,0.0,1,2025-10-18T17:18:56.695056
20231003_DD _BIM Submission,skipped,1,0.0,0,0,0,,0.0,1,2025-10-18T17:18:56.695095
20231005_DD Submission PRE-APPROVAL HELLENIKON OFFICE UPDATE,skipped,1,0.0,0,0,0,,0.0,1,2025-10-18T17:18:56.695134
20231006_SD SUBMISSION (INTERIOR)_(S1,skipped,1,0.0,0,0,0,,0.0,1,2025-10-18T17:18:56.695177
20231006_TEMES_B05 - TD_SUBMISSION PACKAGE #11,skipped,1,0.0,0,0,0,,0.0,1,2025-10-18T17:18:56.695217
20231009_KSTUDIO_CD Submission_Buildings B phase & ADA room types_rev,skipped,2,0.0,0,0,0,,0.0,1,2025-10-18T17:18:56.695255
20231009_SD SUBMISSION (INTERIOR)_(S6)_REV,skipped,2,0.0,0,0,0,,0.0,1,2025-10-18T17:18:56.695291
20231016_TEMES_GAB PHASE A - DD_SUBMISSION PACKAGE #01,skipped,1,0.0,0,0,0,,0.0,1,2025-10-18T17:18:56.695327
20231020_TEMES_B05 - TD_SUBMISSION PACKAGE #12,skipped,1,0.0,0,0,0,,0.0,1,2025-10-18T17:18:56.695363
20231020_TEMES_GAB PHASE A - TD_SUBMISSION PACKAGE #01,skipped,1,0.0,0,0,0,,0.0,1,2025-10-18T17:18:56.695398
20231025_HEM_EW Submission Civil Works,skipped,1,0.0,0,0,0,,0.0,1,2025-10-18T17:18:56.695436
20231025_HEM_EW Submission Structural,skipped,1,0.0,0,0,0,,0.0,1,2025-10-18T17:18:56.695472
20231025_LDK_EW Submission Package,skipped,1,0.0,0,0,0,,0.0,1,2025-10-18T17:18:56.695507
20231030_HEM_EW Submission Civil Works UPD TOC,skipped,2,0.0,0,0,0,,0.0,1,2025-10-18T17:18:56.695544
20231031_BIG_DD Submission,skipped,2,0.0,0,0,0,,0.0,1,2025-10-18T17:18:56.695578
20231031_JEPA MEP SUBMISSION B,skipped,2,0.0,0,0,0,,0.0,1,2025-10-18T17:18:56.695614
20231031_LDK_EW Submission Package,skipped,1,0.0,0,0,0,,0.0,1,2025-10-18T17:18:56.695650
20231103_MEP PERMIT SUBMISSION,skipped,1,0.0,0,0,0,,0.0,1,2025-10-18T17:18:56.695687
20231114 ALL SUBMISSIONS TO CONTRACTORS,skipped,2,0.0,0,0,0,,0.0,1,2025-10-18T17:18:56.695724
20231114_BIG_DD Submission,skipped,2,0.0,0,0,0,,0.0,1,2025-10-18T17:18:56.695762
20231114_LDK_DD Submission,skipped,1,0.0,0,0,0,,0.0,1,2025-10-18T17:18:56.695798
20231115_TEMES_B05 - TD_SUBMISSION PACKAGE #13,skipped,1,0.0,0,0,0,,0.0,1,2025-10-18T17:18:56.695849
20231118_TEMES_GAB PHASE A - TD_SUBMISSION PACKAGE #02,skipped,1,0.0,0,0,0,,0.0,1,2025-10-18T17:18:56.695885
20231120_LAMDA_BIM resubmission meeting notes,skipped,1,0.0,0,0,0,,0.0,1,2025-10-18T17:18:56.695922
20231123_TEMES_GAB PHASE B - TD_SUBMISSION PACKAGE #01,skipped,1,0.0,0,0,0,,0.0,1,2025-10-18T17:18:56.695959
20231124_HEM_CD EW Submission UPD,failed,133,0.0,0,0,0,4005-RES-HEM-DWG-222-CD-00001-B,16.59,1,2025-10-18T17:18:56.695995
20231124_KESA Submission,partial,7,85.71428571428571,6,1,2,4A01-B06-VAP-DWG-234-DD-01101-A,1.92,1,2025-10-18T17:19:13.296524
20231124_TEMES_GAB PHASE B - DD_SUBMISSION PACKAGE #01,skipped,1,0.0,0,0,0,,0.0,1,2025-10-18T17:19:15.220768
20231127_LDK_EW ACONEX Submission,skipped,1,0.0,0,0,0,,0.0,1,2025-10-18T17:19:15.220820
20231128_BIG_DD Submission UPD,skipped,1,0.0,0,0,0,,0.0,1,2025-10-18T17:19:15.220843
20231128_LDK_DD Submission UPD,skipped,1,0.0,0,0,0,,0.0,1,2025-10-18T17:19:15.220864
20231130_DD SUBMISSION (INTERIOR)_(S1V_P)_REV,skipped,1,0.0,0,0,0,,0.0,1,2025-10-18T17:19:15.220885
20231201_TEMES_ΑΡΧΕΙΑ GAB DD SUB,failed,9,0.0,0,0,0,2206_VAP_B05_SUBMISSION_SHEET_TD_20230920,0.0,1,2025-10-18T17:19:15.220906
20231205_LATEST_REVISION_BIG_SUBMITTALS,failed,4,25.0,1,3,1,4005-RES-BIG-PPT-234-DD-00001-C,80.58,3,2025-10-18T17:19:15.220950
20231206_TEMES_B05 - TD_SUBMISSION PACKAGE #14,skipped,1,0.0,0,0,0,,0.0,1,2025-10-18T17:20:35.811894
20231207_TEMES_B05 - TD_SUBMISSION PACKAGE #15,skipped,1,0.0,0,0,0,,0.0,1,2025-10-18T17:20:35.811988
20231221_DD SUBMISSION (INTERIOR)_2B_REV,skipped,1,0.0,0,0,0,,0.0,1,2025-10-18T17:20:35.812028
2024.01,skipped,1,0.0,0,0,0,,0.0,1,2025-10-18T17:20:35.812065
2024.02,skipped,1,0.0,0,0,0,,0.0,1,2025-10-18T17:20:35.812102
2024.03,skipped,1,0.0,0,0,0,,0.0,1,2025-10-18T17:20:35.812138
2024.04,skipped,1,0.0,0,0,0,,0.0,1,2025-10-18T17:20:35.812174
2024.05,skipped,1,0.0,0,0,0,,0.0,1,2025-10-18T17:20:35.812210
2024.07,skipped,1,0.0,0,0,0,,0.0,1,2025-10-18T17:20:35.812246
2024.09,skipped,1,0.0,0,0,0,,0.0,1,2025-10-18T17:20:35.812282
20240126_SUBMISSION MEF-ACTUAL,skipped,1,0.0,0,0,0,,0.0,1,2025-10-18T17:20:35.812318
20240131_DD INTERMEDIATE SUBMISSION (INTERIOR)_(S6)_REV,skipped,2,0.0,0,0,0,,0.0,1,2025-10-18T17:20:35.812353
20240201_TEMES_GAB PHASE A - TD_SUBMISSION PACKAGE #04,skipped,1,0.0,0,0,0,,0.0,1,2025-10-18T17:20:35.812389
20240202_KSTUDIO_Intermediate Submission B19b_S6,skipped,1,0.0,0,0,0,,0.0,1,2025-10-18T17:20:35.812425
20240205_Intermediate Submission B19B_S6,skipped,1,0.0,0,0,0,,0.0,1,2025-10-18T17:19:04.524863
20240205_MISTAKIDIS_Intermediate Submission B19b_S6,skipped,1,0.0,0,0,0,,0.0,1,2025-10-18T17:19:04.524911
20240205_TEMES_Intermediate Submission B19b_S6,skipped,1,0.0,0,0,0,,0.0,1,2025-10-18T17:19:04.524935
20240208_TEMES_GAB PHASE A - TD_SUBMISSION PACKAGE #05,skipped,1,0.0,0,0,0,,0.0,1,2025-10-18T17:19:04.524957
20240209_KSTUDIO_Intermediate Submission B19b_S6,skipped,1,0.0,0,0,0,,0.0,1,2025-10-18T17:19:04.524979
20240212_TEMES_Intermediate Submission B19b_S6,skipped,2,0.0,0,0,0,,0.0,1,2025-10-18T17:19:04.525001
20240216_DD&TD SUBMISSION (FFE&FABRICS)_(2B)_REV,skipped,1,0.0,0,0,0,,0.0,1,2025-10-18T17:19:04.525022
20240219_TEMES_GAB PHASE A - TD_SUBMISSION PACKAGE #06,skipped,1,0.0,0,0,0,,0.0,1,2025-10-18T17:19:04.525043
20240223_TEMES_B05 - TD_SUBMISSION PACKAGE #16,skipped,1,0.0,0,0,0,,0.0,1,2025-10-18T17:19:04.525064
20240227_TEMES_B05 - TD_SUBMISSION PACKAGE #16,skipped,1,0.0,0,0,0,,0.0,1,2025-10-18T17:19:04.525085
20240227_TEMES_B05 - TD_SUBMISSION PACKAGE #17,skipped,1,0.0,0,0,0,,0.0,1,2025-10-18T17:19:04.525106
20240228_LND_CD INterim Submission Remarks,skipped,2,0.0,0,0,0,,0.0,1,2025-10-18T17:19:04.525126
20240228_TEMES_B05 - TD_SUBMISSION PACKAGE #17 FW,skipped,1,0.0,0,0,0,,0.0,1,2025-10-18T17:19:04.525147
20240229_DD SUBMISSION (INTERIOR)_(S6)_REV,skipped,1,0.0,0,0,0,,0.0,1,2025-10-18T17:19:04.525170
20240312_TEMES_S6_Developed Design Submission_Rev,failed,3,0.0,0,0,0,381_KST_DD_DR_I_S6_101_00_2024-03-02_10_54_38_1_,0.78,1,2025-10-18T17:19:04.525191
20240313_TEMES_S6_Developed Design Submission_Rev,failed,4,0.0,0,0,0,381_DD_S6-Clarifications_Feedback_23_02_2024,0.1,1,2025-10-18T17:19:05.305319
20240315_TEMES_B05 - TD_SUBMISSION PACKAGE #18,skipped,1,0.0,0,0,0,,0.0,1,2025-10-18T17:19:05.410255
20240315_TEMES_GAB PHASE A - TD_SUBMISSION PACKAGE #07,skipped,1,0.0,0,0,0,,0.0,1,2025-10-18T17:19:05.410314
20240319_TEMES_GAB PHASE A - TD_SUBMISSION PACKAGE #08,skipped,1,0.0,0,0,0,,0.0,1,2025-10-18T17:19:05.410353
20240405_DD SUBMISSION (INTERIOR)_(S6_pending)_REV,skipped,1,0.0,0,0,0,,0.0,1,2025-10-18T17:19:05.410390
20240405_LAMDA_CD Submission Timeplan Update,skipped,1,0.0,0,0,0,,0.0,1,2025-10-18T17:19:05.410428
20240409_CD STAGE CIVIL WORKS SUBMISSION,skipped,2,0.0,0,0,0,,0.0,1,2025-10-18T17:19:05.410465
20240416_BIG_Comments to VAP submission,failed,3,0.0,0,0,0,234_STAIRS_COMPILED_DRAWINGS_-_BIG_COMMENTS,19.8,1,2025-10-18T17:19:05.410502
20240416_TEMES_GAB PHASE A - TD_SUBMISSION PACKAGE #09,skipped,1,0.0,0,0,0,,0.0,1,2025-10-18T17:19:25.216976
20240418_TEMES_GAB PHASE Β - TD_SUBMISSION PACKAGE #03,skipped,1,0.0,0,0,0,,0.0,1,2025-10-18T17:19:25.217075
20240419_SUBMISSION ME ROAD,skipped,1,0.0,0,0,0,,0.0,1,2025-10-18T17:19:25.217117
20240419_TEMES_GAB PHASE A - TD_SUBMISSION PACKAGE #10,skipped,1,0.0,0,0,0,,0.0,1,2025-10-18T17:19:25.217154
20240426_CD STAGE STRUCTURAL DESIGN SUBMISSION,failed,167,28.74251497005988,48,119,1,4005-RES-HEM-BOQ-222-CD-00001-C,109.9,119,2025-10-18T17:19:25.217191
20240426_TEMES_B05 - TD_SUBMISSION PACKAGE #19,skipped,1,0.0,0,0,0,,0.0,1,2025-10-18T17:21:15.211222
20240426_TEMES_GAB PHASE A - TD_SUBMISSION PACKAGE #11,skipped,1,0.0,0,0,0,,0.0,1,2025-10-18T17:21:15.211342
20240429_CD STAGE CIVIL WORKS SUBMISSION,partial,5,80.0,4,1,4,4005-RES-HEM-DWG-220-CD-00001-E,0.62,1,2025-10-18T17:21:15.211389
20240430_TEMES_GAB PHASE A - TD_SUBMISSION PACKAGE #12,skipped,1,0.0,0,0,0,,0.0,1,2025-10-18T17:21:15.835485
20240517_AZV23-R-FINAL SUBMISSION-P,skipped,1,0.0,0,0,0,,0.0,1,2025-10-18T17:21:15.835527
20240517_BIG_CD Submission Comments,skipped,1,0.0,0,0,0,,0.0,1,2025-10-18T17:21:15.835550
20240517_LND_CD Submission Comments,skipped,1,0.0,0,0,0,,0.0,1,2025-10-18T17:21:15.835570
20240521_CD Submission comments,skipped,2,0.0,0,0,0,,0.0,1,2025-10-18T17:21:15.835590
"20240522_KSTUDIO_R1,S1 Personal bars submission",skipped,2,0.0,0,0,0,,0.0,1,2025-10-18T17:21:15.835614
"20240522_R1,S1 Personal bars submission",skipped,2,0.0,0,0,0,,0.0,1,2025-10-18T17:21:15.835644
"20240523_KSTUDIO_R1,S1 Personal bars submission",skipped,1,0.0,0,0,0,,0.0,1,2025-10-18T17:21:15.835665
"20240523_KSTUDIO_R1,S1 Personal bars submission_2",skipped,2,0.0,0,0,0,,0.0,1,2025-10-18T17:21:15.835685
"20240523_R1,S1 Personal bars submission",skipped,1,0.0,0,0,0,,0.0,1,2025-10-18T17:21:15.835705
"20240523_R1,S1 Personal bars submission_2",skipped,2,0.0,0,0,0,,0.0,1,2025-10-18T17:21:15.835725
20240524_TD SUBMISSION (FFE & Fabrics)_(MUR GF)_REV,skipped,1,0.0,0,0,0,,0.0,1,2025-10-18T17:21:15.835745
20240524_TEMES_GAB PHASE A - TD_SUBMISSION PACKAGE #13,skipped,1,0.0,0,0,0,,0.0,1,2025-10-18T17:21:15.835765
20240529_TEMES_B05 - TD_SUBMISSION PACKAGE #20,skipped,1,0.0,0,0,0,,0.0,1,2025-10-18T17:21:15.835790
20240603_TEMES_GAB PHASE A - TD_SUBMISSION PACKAGE #14,skipped,1,0.0,0,0,0,,0.0,1,2025-10-18T17:21:15.835810
20240611_LAMDA-HILL-PMC,failed,3,0.0,0,0,0,4005-RES-VAP-DWG-233-CD-07000,0.24,1,2025-10-18T17:21:15.835830
20240614_TEMES_B05 - TD_SUBMISSION PACKAGE #21,skipped,1,0.0,0,0,0,,0.0,1,2025-10-18T17:21:16.076956
20240626_ACC_CD Submission Rev,skipped,1,0.0,0,0,0,,0.0,1,2025-10-18T17:21:16.077001
20240628_Resubmission,failed,271,77.85977859778598,211,60,1,4005-RES-LDK-BOQ-261-CD-90001-B,195.41,60,2025-10-18T17:21:16.077022
20240628_SIGN_CD Submission,skipped,1,0.0,0,0,0,,0.0,1,2025-10-18T17:24:31.542142
20240705_TEMES_B05 - TD_SUBMISSION PACKAGE #22,skipped,1,0.0,0,0,0,,0.0,1,2025-10-18T17:20:09.600450
20240705_TEMES_GAB PHASE A - TD_SUBMISSION PACKAGE #16,skipped,1,0.0,0,0,0,,0.0,1,2025-10-18T17:20:09.600513
20240710_BIM Models Submission,skipped,1,0.0,0,0,0,,0.0,1,2025-10-18T17:20:09.600552
20240710_LND_CD Submission Layouts,skipped,2,0.0,0,0,0,,0.0,1,2025-10-18T17:20:09.600589
20240719 Landscape_submission,skipped,1,0.0,0,0,0,,0.0,1,2025-10-18T17:20:09.600624
20240719_TEMES_GAB PHASE A - TD_SUBMISSION PACKAGE #17,skipped,1,0.0,0,0,0,,0.0,1,2025-10-18T17:20:09.600658
20240802_TEMES_B02 - DD_SUBMISSION PACKAGE #01,skipped,1,0.0,0,0,0,,0.0,1,2025-10-18T17:20:09.600707
20240802_TEMES_B05 - TD_SUBMISSION PACKAGE #23,skipped,1,0.0,0,0,0,,0.0,1,2025-10-18T17:20:09.600746
20240802_TEMES_GAB PHASE Β - TD_SUBMISSION PACKAGE #04,skipped,1,0.0,0,0,0,,0.0,1,2025-10-18T17:20:09.600785
20240809_FINAL SUBMISSION-P4,skipped,1,0.0,0,0,0,,0.0,1,2025-10-18T17:20:09.600826
20240809_TEMES_B17 - DD_SUBMISSION PACKAGE #01,skipped,1,0.0,0,0,0,,0.0,1,2025-10-18T17:20:09.600864
20240809_TEMES_GAB PHASE A - TD_SUBMISSION PACKAGE #18,skipped,1,0.0,0,0,0,,0.0,1,2025-10-18T17:20:09.600904
20240828_BIM RESUBMISSION PENDING ITEMS,skipped,1,0.0,0,0,0,,0.0,1,2025-10-18T17:20:09.600942
20240903_SUST_CD Submission UPD,skipped,1,0.0,0,0,0,,0.0,1,2025-10-18T17:20:09.600984
20240903_TEMES_B17 - DD_SUBMISSION PACKAGE #02,skipped,1,0.0,0,0,0,,0.0,1,2025-10-18T17:20:09.601022
20240905_LIGHT_CD Submission Tracker Rev,skipped,1,0.0,0,0,0,,0.0,1,2025-10-18T17:20:09.601061
20240906_ACC_CD Submission Tracker Rev,skipped,1,0.0,0,0,0,,0.0,1,2025-10-18T17:20:09.601100
20240913_ADDITIONAL SUBMISSION-P5,skipped,1,0.0,0,0,0,,0.0,1,2025-10-18T17:20:09.601139
20240913_TEMES_GAB PHASE A - TD_SUBMISSION PACKAGE #19,skipped,1,0.0,0,0,0,,0.0,1,2025-10-18T17:20:09.601177
20240913_TEMES_GAB PHASE Β - TD_SUBMISSION PACKAGE #06,skipped,1,0.0,0,0,0,,0.0,1,2025-10-18T17:20:09.601215
20240916_BIM COBie Resubmission DC Comments - Submitted via VAP-TRANSMIT-000315,skipped,1,0.0,0,0,0,,0.0,1,2025-10-18T17:20:09.601256
20240920_TEMES_GAB PHASE A - TD_SUBMISSION PACKAGE #20,skipped,1,0.0,0,0,0,,0.0,1,2025-10-18T17:20:09.601294
20240923_BIM Resubmission,skipped,1,0.0,0,0,0,,0.0,1,2025-10-18T17:20:09.601333
20240924_TEMES_GAB PHASE A - TD_SUBMISSION PACKAGE #20 - ΟΡΘΗ ΕΠΑΝΑΛΗΨΗ,skipped,1,0.0,0,0,0,,0.0,1,2025-10-18T17:20:09.601371
20240927_TEMES_GAB PHASE A - TD_SUBMISSION PACKAGE #21,skipped,1,0.0,0,0,0,,0.0,1,2025-10-18T17:20:09.601411
20241002_IFI BOQ&MRF Resubmission,skipped,2,0.0,0,0,0,,0.0,1,2025-10-18T17:20:09.601451
20241004_ACC_IC Submission,skipped,2,0.0,0,0,0,,0.0,1,2025-10-18T17:20:09.601488
20241004_LIGHT_IC Submission,skipped,2,0.0,0,0,0,,0.0,1,2025-10-18T17:20:09.601527
20241004_TEMES_GAB PHASE A - TD_SUBMISSION PACKAGE #22,skipped,1,0.0,0,0,0,,0.0,1,2025-10-18T17:20:09.601567
20241008_SUST_IC Submission,skipped,1,0.0,0,0,0,,0.0,1,2025-10-18T17:20:09.601607
20241010_SUST_ IC SUBMISSION,skipped,1,0.0,0,0,0,,0.0,1,2025-10-18T17:20:09.601646
20241011 - Latest Submissions,failed,4,0.0,0,0,0,20241011-271_BP_ANT_-_Issue_Sheet,0.17,1,2025-10-18T17:20:09.601683
20241011_DELTA-THETA_Lighting latest Submissions,failed,4,0.0,0,0,0,20241011-271_BP_ANT_-_Issue_Sheet,0.15,1,2025-10-18T17:20:09.775468
20241011_Latest Submissions,failed,6,0.0,0,0,0,20241011-271_BP_ANT_-_Issue_Sheet,0.25,1,2025-10-18T17:20:09.929419
20241011_TEMES_GAB PHASE Β - TD_SUBMISSION PACKAGE #07,skipped,1,0.0,0,0,0,,0.0,1,2025-10-18T17:20:10.175612
20241012_PHAEA_GAB PHASE Β - TD_SUBMISSION PACKAGE #07,skipped,1,0.0,0,0,0,,0.0,1,2025-10-18T17:20:10.175723
20241014_DELTA-THETA_Lighting latest Submissions,skipped,1,0.0,0,0,0,,0.0,1,2025-10-18T17:20:10.175802
20241021_PHAEA_TD Submission_Interior_R2ADA_REV,skipped,1,0.0,0,0,0,,0.0,1,2025-10-18T17:20:10.175854
20241022_BIM COBie Resubmission,skipped,1,0.0,0,0,0,,0.0,1,2025-10-18T17:20:10.175899
20241025_TEMES_GAB PHASE Β - TD_SUBMISSION PACKAGE #08,skipped,1,0.0,0,0,0,,0.0,1,2025-10-18T17:20:10.175950
20241030_Karakitsou final submission,skipped,1,0.0,0,0,0,,0.0,1,2025-10-18T17:20:10.176003
20241031_Stoupathis final submission statikwn,skipped,1,0.0,0,0,0,,0.0,1,2025-10-18T17:20:10.176056
20241031_Stoupathis_Submission statika,skipped,1,0.0,0,0,0,,0.0,1,2025-10-18T17:20:10.176111
20241105_JEPA_Marina_IPTO_SUBSTATION,skipped,2,0.0,0,0,0,,0.0,1,2025-10-18T17:20:10.176161
20241108_TD SUBMISSION (FF&E &FABRICS)_(BUILDING 17_ARSENALE)_REV,skipped,2,0.0,0,0,0,,0.0,1,2025-10-18T17:20:10.176200
20241108_TEMES_GAB PHASE A - TD_SUBMISSION PACKAGE #23,skipped,1,0.0,0,0,0,,0.0,1,2025-10-18T17:20:10.176240
20241112_TEMES_GAB PHASE A - TD_SUBMISSION PACKAGE #24,skipped,1,0.0,0,0,0,,0.0,1,2025-10-18T17:20:10.176282
20241113_LAMDA- Passive Fire IC Submission HUB,skipped,1,0.0,0,0,0,,0.0,1,2025-10-18T17:20:10.176327
20241119_CIVIL SUBMISSION,success,3,100.0,3,0,2,GR-ATH3-Z-XX-MYT-DD-C-92055,0.31,0,2025-10-18T17:20:10.176367
20241119_SUBMISSION,skipped,2,0.0,0,0,0,,0.0,1,2025-10-18T17:20:10.487913
20241122_TEMES_GAB PHASE Β - TD_SUBMISSION PACKAGE #10,skipped,1,0.0,0,0,0,,0.0,1,2025-10-18T17:20:10.487972
20241211_KST_Comments for Submission,skipped,1,0.0,0,0,0,,0.0,1,2025-10-18T17:20:10.490314
20241211_PDF_DWG SUBMISSION,success,8,100.0,8,0,2,AEP-ANM-002-0910-DRW-AR-PDGA0501,1.15,0,2025-10-18T17:20:10.490370
20241212_SUBMISSION,success,11,100.0,11,0,2,AEP-ANM-002-0910-DRW-AR-PDGA0501,2.38,0,2025-10-18T17:20:11.639076
20241213_50% PD SUBMISSION,success,9,100.0,9,0,2,AEP-ANM-002-0910-DRW-AR-PDGA0501,1.04,0,2025-10-18T17:20:14.018860
20241213_KITTOS_Anthos - Submission Sheet,skipped,1,0.0,0,0,0,,0.0,1,2025-10-18T17:20:15.055388
20241213_SUBMISSION,success,11,100.0,11,0,2,AEP-ANM-002-0910-DRW-AR-PDGA0501,1.92,0,2025-10-18T17:20:15.055454
20241217_VAP_Construction Package Pre-Submission,skipped,1,0.0,0,0,0,,0.0,1,2025-10-18T17:20:16.974256
20241220_CAP_Submission Construction + Tender packages,skipped,1,0.0,0,0,0,,0.0,1,2025-10-18T17:20:16.974326
20241223_PHAEA_B02 - TD_SUBMISSION PACKAGE #01,skipped,1,0.0,0,0,0,,0.0,1,2025-10-18T17:20:16.974363
2025.04,skipped,1,0.0,0,0,0,,0.0,1,2025-10-18T17:20:16.974397
20250110_JEP_Kotsani_FW Stage 3 Deliverables - Submissions,skipped,2,0.0,0,0,0,,0.0,1,2025-10-18T17:20:16.974433
20250131_PHAEA_B17 - TD_SUBMISSION PACKAGE #02,skipped,1,0.0,0,0,0,,0.0,1,2025-10-18T17:20:16.974467
20250204_CAP_Submission Masterplan,skipped,2,0.0,0,0,0,,0.0,1,2025-10-18T17:20:16.974502
20250214_SUBMISSION,skipped,2,0.0,0,0,0,,0.0,1,2025-10-18T17:20:16.974537
20250220_TD Submission_FF&E_2B_REV,skipped,1,0.0,0,0,0,,0.0,1,2025-10-18T17:20:16.974572
20250221_PHAEA_GAB PHASE B - TD_SUBMISSION PACKAGE #11,skipped,1,0.0,0,0,0,,0.0,1,2025-10-18T17:20:16.974605
20250227_IC_Submission B'Phase Concrete Upstands,skipped,1,0.0,0,0,0,,0.0,1,2025-10-18T17:20:16.974640
20250228_PHAEA_GAB PHASE A - TD_SUBMISSION PACKAGE #25,skipped,1,0.0,0,0,0,,0.0,1,2025-10-18T17:20:16.974675
20250311_IC BIM SUBMISSION,skipped,1,0.0,0,0,0,,0.0,1,2025-10-18T17:20:16.974709
20250313_IC_FS Submission for Client RFP,skipped,1,0.0,0,0,0,,0.0,1,2025-10-18T17:20:16.974748
20250321_PARALOS_Technical Report for substations,skipped,1,0.0,0,0,0,,0.0,1,2025-10-18T17:20:16.974802
20250404_PHAEA_B17 - TD_SUBMISSION PACKAGE #04,skipped,1,0.0,0,0,0,,0.0,1,2025-10-18T17:20:16.974837
20250407_PHAEA_GAB PHASE A - TD_SUBMISSION PACKAGE #25 - ΕΝΗΜΕΡΩΣΗ ΑΡΧΕΙΟΥ,skipped,1,0.0,0,0,0,,0.0,1,2025-10-18T17:20:16.974871
20250417_PHAEA_B17 - TD_SUBMISSION PACKAGE #05,skipped,1,0.0,0,0,0,,0.0,1,2025-10-18T17:20:16.974909
20250425_TD SUBMISSION (FF&E)_(BUILDING 17_ARSENALE)_REV,skipped,2,0.0,0,0,0,,0.0,1,2025-10-18T17:20:16.974942
20250430_SUBMISSION,skipped,1,0.0,0,0,0,,0.0,1,2025-10-18T17:20:16.974976
20250510_AGATA_4D_SUBMISSION_2025-05,skipped,1,0.0,0,0,0,,0.0,1,2025-10-18T17:20:16.975010
20250512_PHAEA_GAB PHASE B - TD_SUBMISSION PACKAGE #13,skipped,1,0.0,0,0,0,,0.0,1,2025-10-18T17:20:16.975044
20250516_PHAEA_GAB PHASE A - TD_SUBMISSION PACKAGE #26,skipped,1,0.0,0,0,0,,0.0,1,2025-10-18T17:20:16.975077
20250527_Anthos Repackaged Submission,skipped,1,0.0,0,0,0,,0.0,1,2025-10-18T17:20:16.975109
20250530_PHAEA_B17 - TD_SUBMISSION PACKAGE #06,skipped,1,0.0,0,0,0,,0.0,1,2025-10-18T17:20:16.975142
20250606_PHAEA_B17 - TD_SUBMISSION PACKAGE #07,skipped,1,0.0,0,0,0,,0.0,1,2025-10-18T17:20:16.975176
20250612_TD Submission_FF&E_2B_REV,skipped,1,0.0,0,0,0,,0.0,1,2025-10-18T17:20:16.975209
20250613_TD Submission_FF&E_Courtyards_REV,skipped,1,0.0,0,0,0,,0.0,1,2025-10-18T17:20:16.975242
20250616_PHAEA_GAB PHASE A - TD_SUBMISSION PACKAGE #27,skipped,1,0.0,0,0,0,,0.0,1,2025-10-18T17:20:16.975274
20250617_TD Submission_FF&E_Courtyards_REV,skipped,1,0.0,0,0,0,,0.0,1,2025-10-18T17:20:16.975306
20250620_PHAEA_GAB PHASE A - TD_SUBMISSION PACKAGE #28,skipped,1,0.0,0,0,0,,0.0,1,2025-10-18T17:20:16.975339
20250620_TD SUBMISSION (FF&E & FABRICS)_(S23)_REV,skipped,1,0.0,0,0,0,,0.0,1,2025-10-18T17:20:16.975373
20250626_PHAEA_GAB PHASE A - TD_SUBMISSION PACKAGE #29,skipped,1,0.0,0,0,0,,0.0,1,2025-10-18T17:20:16.975406
20250627_TD SUBMISSION (FF&E)_(BUILDING 17_ARSENALE)_REV,skipped,2,0.0,0,0,0,,0.0,1,2025-10-18T17:20:16.975439
20250630_FINAL SUBMISSION,failed,8,0.0,0,0,0,XENEX-ΠΡΟΤΑΣΗ_ΔΙΑΤΑΞΗΣ_ΚΟΥΖΙΝΑΣ,28.77,1,2025-10-18T17:20:16.975473
20250703_TD SUBMISSION (FF&E & FABRICS)_ADA_REV,skipped,1,0.0,0,0,0,,0.0,1,2025-10-18T17:20:45.748269
20250703_TD SUBMISSION(FF&E & FABRICS)_(ATRIUM B11)_REV,skipped,1,0.0,0,0,0,,0.0,1,2025-10-18T17:20:45.748369
20250704_PHAEA_GAB PHASE B - TD_SUBMISSION PACKAGE #14,skipped,1,0.0,0,0,0,,0.0,1,2025-10-18T17:20:45.748415
20250708_TD SUBMISSION (FF&E & FABRICS)_(BEACHFRONT)_REV,skipped,1,0.0,0,0,0,,0.0,1,2025-10-18T17:20:45.748458
20250718_PARALOS_IPTO Submission,failed,12,0.0,0,0,0,ATH1-PWR01-CAP-10720-PLN-4-120-B1-0_T00_5,1.87,1,2025-10-18T17:20:45.748500
20250805_POLONYFIS_CDP 1300 List for resubmission,skipped,2,0.0,0,0,0,,0.0,1,2025-10-18T17:20:47.621485
20250825_PARALOS_ΑΔΜΗΕ Submission_Earthworks & Drawing List UPDATED,skipped,1,0.0,0,0,0,,0.0,1,2025-10-18T17:20:47.621622
2025084_TSIOUNTALAS_Schedule submission 1,failed,3,0.0,0,0,0,ATH04_BL2-2_250801-Project-Schedule-Narrative_BL2Rev2,26.38,1,2025-10-18T17:20:47.621670
20250903_CAP_DC01 Offices Substation&Genset,skipped,2,0.0,0,0,0,,0.0,1,2025-10-18T17:21:14.004046
20250917 - Blue Palace_Asaya Spa - Schematic design submission,skipped,1,0.0,0,0,0,,0.0,1,2025-10-18T17:21:14.004134
20250918 S5A&S5B Schematic Design submission,skipped,1,0.0,0,0,0,,0.0,1,2025-10-18T17:20:35.820679
20250923_100% OD SUBMISSION,failed,7,0.0,0,0,0,C_Users_s_rozakou_Documents_AEP-ANM-001-ZZZZ-M2D-AR-OD990002_-_Sheet_-_6002_-_MTB_-_Detail_-_Typical_Elements_-_Mill_Works_-_Typical_Check-in_Desk,1.39,1,2025-10-18T17:20:35.820750
20250924_ENVECO_EIA Submission Protocol,skipped,1,0.0,0,0,0,,0.0,1,2025-10-18T17:20:37.213309
20250925 - Blue Palace_Asaya Lodges_3-4 - Schematic design submission,skipped,1,0.0,0,0,0,,0.0,1,2025-10-18T17:20:37.213372
20250925-SUBMISSION P,skipped,1,0.0,0,0,0,,0.0,1,2025-10-18T17:20:37.213409
20250926_PHAEA_Blue Isola - ID 100% Detailed Design Submission - Next Steps,skipped,1,0.0,0,0,0,,0.0,1,2025-10-18T17:20:37.213445
20250930-SUBMISSION P,skipped,1,0.0,0,0,0,,0.0,1,2025-10-18T17:20:37.213481
211125 PERMIT SUBMISSION,skipped,1,0.0,0,0,0,,0.0,1,2025-10-18T17:20:37.213517
2206_VAP_B05_TD_20230331 SUBMISSION_MARK UP,failed,8,0.0,0,0,0,BLP-VAP-ARC-TD-A-B05-1-1001_MU,50.48,1,2025-10-18T17:20:37.213553
220830_Issues for 0509 KAS Submission,skipped,1,0.0,0,0,0,,0.0,1,2025-10-18T17:21:27.706132
220901_DRAFT Submission ΚΑΣ,skipped,1,0.0,0,0,0,,0.0,1,2025-10-18T17:21:27.706234
220902_TOMBAZI_Submission list KAS by LAMBDA,skipped,1,0.0,0,0,0,,0.0,1,2025-10-18T17:21:27.706276
233 - Submitted -VAP-TRANSMIT-000345,skipped,2,0.0,0,0,0,,0.0,1,2025-10-18T17:21:27.706314
234 - Submitted-VAP-TRANSMIT-000346,skipped,2,0.0,0,0,0,,0.0,1,2025-10-18T17:21:27.706352
250710 For Permitting submission to review,skipped,1,0.0,0,0,0,,0.0,1,2025-10-18T17:21:27.706389
250711 Submission for Pre-Approval v1,failed,4,0.0,0,0,0,EDG-ATH1-ARC_BATCH,5.07,1,2025-10-18T17:21:27.706425
250715 Submission for Pre-Approval v2,failed,4,0.0,0,0,0,EDG-ATH1-ARC-COV1,5.28,1,2025-10-18T17:21:32.775365
250725 Submission for Pre-Approval v3,failed,12,0.0,0,0,0,2503_EDG-ATH1-ARC-001,5.22,1,2025-10-18T17:21:38.053049
984 FINAL SUBMISSION PHASE 3,failed,30,0.0,0,0,0,1807_03_A101,0.0,1,2025-10-18T17:21:43.269576
AB FINAL SUBMISSION PHASE 3,failed,50,0.0,0,0,0,1807_02_L105_01,0.0,1,2025-10-18T17:21:43.269718
ACONEX BULK Resubmission 18-10-24,failed,79,2.5316455696202533,2,77,1,4005-RES-GRE-BOQ-270-IC-00001-0,65.03,77,2025-10-18T17:21:43.269855
ADRIANOU FINAL SUBMISSION PHASE 3,failed,64,0.0,0,0,0,1807_04_L341,0.0,1,2025-10-18T17:22:48.312081
ATH04-ROOFING AND CLADDING SUBMITTAL-rev,failed,3,0.0,0,0,0,ATH04-JVRT-MS-016_Rev_06_MATERIAL_SUBMITTAL_FORM,0.04,1,2025-10-18T17:22:48.312225
AU1,skipped,1,0.0,0,0,0,,0.0,1,2025-10-18T17:22:48.355129
B05_SUBMISSIONS_00_01,failed,3,0.0,0,0,0,2206_VAP_B05_SUBMISSION_SHEET_TD_20230331,0.0,1,2025-10-18T17:22:48.355166
B05_SUBMISSIONS_00_02,skipped,1,0.0,0,0,0,,0.0,1,2025-10-18T17:22:48.355203
BIG Submission 20122022,skipped,1,0.0,0,0,0,,0.0,1,2025-10-18T17:22:48.355225
BP-FINAL_REV-SUBMISSION_070316,failed,6,0.0,0,0,0,2016-04-14_ΒΕΒΑΙΩΣΗ_ΑΡΧΑΙΟΛΟΓΙΑΣ,0.12,1,2025-10-18T17:22:48.355246
BRT - submitted VAP-TRANSMIT-000338,failed,4,0.0,0,0,0,4005-RES-BRT-BOQ-238-IC-00001-0,0.42,1,2025-10-18T17:22:48.473973
BRT Submitted VAP-TRANSMIT-000309,failed,20,0.0,0,0,0,4005-RES-BRT-BOQ-238-CD-00001-B,5.47,1,2025-10-18T17:22:48.896272
Backup submit29-122022,failed,11,0.0,0,0,0,4005-RES-VAP-RPT-234-PD-00100-B,1.41,1,2025-10-18T17:22:54.364444
"CD_SUBMISSION (B20A REV02,B20B REV01)_2023-03-04",skipped,1,0.0,0,0,0,,0.0,1,2025-10-18T17:22:55.775455
CHANGED DRAWINGS FROM PREVIOUS SUBMISSIONS,failed,7,0.0,0,0,0,ATH1-DC01-CAP-20302-PLN-4-185-AL-2_T00_4-Typical_Floors_Details_-_Interior,0.53,1,2025-10-18T17:22:55.775509
CIVIL to submit according to MDR,failed,17,0.0,0,0,0,ATH04-C-F-37-0_-_PROPOSED_CAR_PARK_GENERAL_ARRANGEMENT_A,4.59,1,2025-10-18T17:22:56.305339
Campus Buried Networks (FOR SUBMISSION),failed,3,0.0,0,0,0,ATH01-EXCAVATION_DIAGRAM-BURIED_NETWORKS_V2_,4.24,1,2025-10-18T17:23:00.898263
DEN - submitted VAP-TRANSMIT-000339,skipped,2,0.0,0,0,0,,0.0,1,2025-10-18T17:23:05.142978
DEN Submitted VAP-TRANSMIT-000306,failed,6,0.0,0,0,0,4005-RES-DEN-DWG-224-CD-00001-B,1.6,1,2025-10-18T17:23:05.143077
EAC Submitted By Phaea,failed,27,0.0,0,0,0,B03-B04-1-1B01_03,25.13,1,2025-10-18T17:23:06.745003
Electrical Substation,skipped,1,0.0,0,0,0,,0.0,1,2025-10-18T17:23:31.883342
FF SUBMISSION,skipped,2,0.0,0,0,0,,0.0,1,2025-10-18T17:23:31.883412
FINAL SUBMISSION COMPLETE,skipped,1,0.0,0,0,0,,0.0,1,2025-10-18T17:23:31.883434
For submission to archaeo dpt,skipped,1,0.0,0,0,0,,0.0,1,2025-10-18T17:23:31.883455
GRE - submitted VAP-TRANSMIT-000342,failed,4,0.0,0,0,0,4005-RES-GRE-BOQ-270-IC-00001-0,0.78,1,2025-10-18T17:23:31.883475
GRE Submitted VAP-TRANSMIT-000310,skipped,2,0.0,0,0,0,,0.0,1,2025-10-18T17:23:32.666187
Geenways Submission,failed,62,0.0,0,0,0,4005-RES-GRE-DWG-270-PD-00001-B,23.55,1,2025-10-18T17:23:32.666278
HELLINIKON_FENCE&SECURITY_SUBMISSION_20200505,failed,13,0.0,0,0,0,00_HELLINIKON_FENCE_SECURITY_COVER,0.0,1,2025-10-18T17:23:56.218811
HELP-Clash Detection(not to be submit),skipped,2,0.0,0,0,0,,0.0,1,2025-10-18T17:23:56.218908
IFI Submission data,skipped,1,0.0,0,0,0,,0.0,1,2025-10-18T17:23:56.218932
IFI Submitted VAP-TRANSMIT-000307,skipped,2,0.0,0,0,0,,0.0,1,2025-10-18T17:23:56.218961
KESA Submissions,skipped,1,0.0,0,0,0,,0.0,1,2025-10-18T17:23:56.218996
KOKKEREL FINAL SUBMISSION PHASE 3,failed,64,0.0,0,0,0,1807_09_A212,0.0,1,2025-10-18T17:23:56.219024
LAMDADEV-TRANSMIT-000360 SUBSTATIONS,skipped,1,0.0,0,0,0,,0.0,1,2025-10-18T17:21:14.045243
MOLONGLO_KYPSELI SUBMISSION,failed,11,0.0,0,0,0,Arch_Eso_Molonglo_Kypseli_L0_AK_080121,0.0,1,2025-10-18T17:21:14.045322
Main Kitchen (pantry at basement to be provided by Millwork subcontractor),skipped,1,0.0,0,0,0,,0.0,1,2025-10-18T17:21:14.045393
OLD SUBMISSION,failed,12,0.0,0,0,0,2103_CHR_ARC_101,0.0,1,2025-10-18T17:21:14.045429
OLDER SUBMISSION,skipped,1,0.0,0,0,0,,0.0,1,2025-10-18T17:21:14.045489
PDF_SUBMISSION 31_03,failed,22,0.0,0,0,0,A0-0000-00,6.99,1,2025-10-18T17:21:14.045523
PUBLIC SUBSTATION,skipped,1,0.0,0,0,0,,0.0,1,2025-10-18T17:21:21.034287
RE-SUBMISSION,success,15,100.0,15,0,2,GR-ATH3-Z-XX-MYT-DD-A-31000,2.17,0,2025-10-18T17:21:21.034364
REVISION OF SUBMISSION OF 30,failed,5,0.0,0,0,0,ATH04-VAP-AH-413-0B_HIGH_LEVEL_-_COLO_1,0.8,1,2025-10-18T17:21:23.210426
Re-Subbmitted,failed,32,0.0,0,0,0,4005-RES-IFI-DWG-289-CD-00017-B,24.29,1,2025-10-18T17:21:24.011413
SUBMISSION,failed,8,0.0,0,0,0,4005-RES-BIG-LIS-032-PD-00001-A,2.28,1,2025-10-18T17:21:48.322522
SUBMISSION (UNZIPED),skipped,1,0.0,0,0,0,,0.0,1,2025-10-18T17:21:50.604048
SUBMISSION 06,failed,33,0.0,0,0,0,2017-01-25-PLATIS_YALOS_HOTEL-Submission_Sheet-6,3.76,1,2025-10-18T17:21:50.604132
SUBMISSION 20241220,failed,3,0.0,0,0,0,ATH1-DC01-CAP-20302-PLN-4-187-AL-0_T00_4-Typical_Seismic_Joints_Details_-_Interior,0.41,1,2025-10-18T17:21:54.367082
SUBMISSION 27-2-2013,skipped,2,0.0,0,0,0,,0.0,1,2025-10-18T17:21:54.778810
SUBMISSION 28-2-2013,skipped,1,0.0,0,0,0,,0.0,1,2025-10-18T17:21:54.778908
SUBMISSION A,skipped,1,0.0,0,0,0,,0.0,1,2025-10-18T17:21:54.778950
SUBMISSION B,skipped,1,0.0,0,0,0,,0.0,1,2025-10-18T17:21:54.778987
SUBMISSION C,failed,6,0.0,0,0,0,4005-RES-VAP-RPT-233-CD-00008-C_vertical_pages,0.08,1,2025-10-18T17:21:54.779023
SUBMISSION DRAWINGS,failed,5,0.0,0,0,0,GR-ATH3-Z-R0-FKK-DD-A-27000,4.46,1,2025-10-18T17:21:54.859448
SUBMISSION MDR 25,failed,6,0.0,0,0,0,ATH04-VAP-AH-864-0A_STEP_OVER_STAIRS_ADMIN-COLO_1,8.18,1,2025-10-18T17:21:59.324841
SUBMISSION REPORTS-ANNEX,failed,3,0.0,0,0,0,2108_ATH3_PASSIVE_FIRE_REPORT_ENG,0.0,1,2025-10-18T17:22:07.500908
SUBMISSION SA,failed,10,0.0,0,0,0,AVL_5_ALL-1-100_ROOFTOP_AVL5-A105,1.68,1,2025-10-18T17:22:07.500968
SUBMISSIONS,failed,6,0.0,0,0,0,20181123-LAN_ARC_FD_101_00-MEETING,3.11,1,2025-10-18T17:22:09.181261
SUBMISSIONS-TO-CHECK,skipped,1,0.0,0,0,0,,0.0,1,2025-10-18T17:22:12.287783
SUBMISSION_ANNEX_REV1_LDR,failed,7,0.0,0,0,0,03_GR-ATH3-Z-B1-ΜΥΤ-DD-A-03000,0.75,1,2025-10-18T17:22:12.287825
SUBMIT 21-10-2013,failed,9,77.77777777777779,7,2,4,JVIT-COS-10-1-0023-00,3.35,2,2025-10-18T17:22:13.041336
SUBMITTED,skipped,1,0.0,0,0,0,,0.0,1,2025-10-18T17:22:16.391299
SUBSTATION,skipped,1,0.0,0,0,0,,0.0,1,2025-10-18T17:22:16.391345
Submission 20230406,skipped,2,0.0,0,0,0,,0.0,1,2025-10-18T17:22:16.391367
Submission List,skipped,1,0.0,0,0,0,,0.0,1,2025-10-18T17:22:16.391388
Submit 270,failed,66,0.0,0,0,0,4005-RES-GRE-DWG-270-PD-00001-A,22.12,1,2025-10-18T17:22:16.391408
Substations,skipped,1,0.0,0,0,0,,0.0,1,2025-10-18T17:22:38.517230
Supplementary Submission BIG,failed,6,0.0,0,0,0,4005-RES-BIG-DWG-234-CO-00309-B,0.15,1,2025-10-18T17:22:38.517304
Supplementary Submission Review LD,failed,9,0.0,0,0,0,1a_4005-RES-BIG-DWG-234-CO-00309-B_comments,0.76,1,2025-10-18T17:22:38.665105
TD SUBMISSION(FF&E & FABRICS)_(ASAYA 3-4)_REV,skipped,1,0.0,0,0,0,,0.0,1,2025-10-18T17:22:39.430192
TGA Submitted VAP-TRANSMIT-000308,skipped,2,0.0,0,0,0,,0.0,1,2025-10-18T17:22:39.430237
_DD_Submission B,skipped,1,0.0,0,0,0,,0.0,1,2025-10-18T17:22:39.430260
archives for submission 20230406,failed,7,0.0,0,0,0,20230403_-_4005-RES-VAP-RPT-233-PD-00008-G,3.95,1,2025-10-18T17:22:39.430281
old- first submission,skipped,1,0.0,0,0,0,,0.0,1,2025-10-18T17:22:43.385489
submission,failed,9,0.0,0,0,0,1907PEN4-A001_DIAGRAMMA_191205-1907_DIAGRAMMA_DOMISIS,0.77,1,2025-10-18T17:22:43.385548
to be submitted,failed,3,0.0,0,0,0,AU1_5_HR_cost_reduction_DD_-_3_0_internal_finishes_total,0.08,1,2025-10-18T17:22:44.152615
wetransfer_au1-5-cd-submission-denco_2024-09-03_1218,skipped,1,0.0,0,0,0,,0.0,1,2025-10-18T17:22:44.237699
wetransfer_au1-5-dd-submission_denco-docx_2023-06-30_1040,failed,7,0.0,0,0,0,4005-RES-DEN-DWG-224-DD-00001-A,1.24,1,2025-10-18T17:22:44.237741
