status	files_processed	success_rate	successful_files	failed_files	viable_anchors
skipped	2	0	0	0	0
skipped	1	0	0	0	0
failed	9	77.7777777777778	7	2	4
failed	15	0	0	0	0
failed	41	0	0	0	0
failed	8	0	0	0	0
skipped	2	0	0	0	0
failed	14	0	0	0	0
failed	27	0	0	0	0
failed	27	0	0	0	0
failed	29	0	0	0	0
failed	22	0	0	0	0
skipped	1	0	0	0	0
skipped	2	0	0	0	0
skipped	1	0	0	0	0
skipped	2	0	0	0	0
skipped	1	0	0	0	0
failed	5	0	0	0	0
failed	6	0	0	0	0
failed	3	0	0	0	0
failed	17	0	0	0	0
failed	4	0	0	0	0
failed	5	0	0	0	0
skipped	1	0	0	0	0
failed	18	0	0	0	0
failed	4	0	0	0	0
skipped	1	0	0	0	0
failed	55	0	0	0	0
failed	22	0	0	0	0
failed	10	0	0	0	0
failed	5	0	0	0	0
failed	6	0	0	0	0
skipped	1	0	0	0	0
failed	8	0	0	0	0
success	5	100	5	0	1
failed	19	78.9473684210526	15	4	1
failed	11	0	0	0	0
failed	33	0	0	0	0
failed	9	0	0	0	0
failed	32	0	0	0	0
failed	33	0	0	0	0
skipped	1	0	0	0	0
failed	8	0	0	0	0
failed	3	0	0	0	0
failed	75	0	0	0	0
failed	33	0	0	0	0
failed	7	0	0	0	0
partial	32	90.625	29	3	1
failed	11	0	0	0	0
skipped	1	0	0	0	0
failed	38	0	0	0	0
skipped	2	0	0	0	0
failed	14	0	0	0	0
skipped	2	0	0	0	0
skipped	2	0	0	0	0
failed	19	0	0	0	0
skipped	1	0	0	0	0
skipped	2	0	0	0	0
failed	201	0	0	0	0
failed	39	0	0	0	0
failed	111	0	0	0	0
failed	19	0	0	0	0
skipped	2	0	0	0	0
failed	11	0	0	0	0
skipped	2	0	0	0	0
skipped	1	0	0	0	0
skipped	1	0	0	0	0
skipped	1	0	0	0	0
failed	3	0	0	0	0
skipped	2	0	0	0	0
failed	4	0	0	0	0
failed	11	0	0	0	0
failed	3	0	0	0	0
skipped	2	0	0	0	0
skipped	2	0	0	0	0
failed	13	0	0	0	0
skipped	2	0	0	0	0
failed	27	0	0	0	0
failed	4	0	0	0	0
failed	19	0	0	0	0
skipped	1	0	0	0	0
failed	26	0	0	0	0
failed	16	0	0	0	0
skipped	1	0	0	0	0
skipped	1	0	0	0	0
skipped	1	0	0	0	0
skipped	2	0	0	0	0
skipped	2	0	0	0	0
failed	13	0	0	0	0
skipped	1	0	0	0	0
failed	16	0	0	0	0
failed	15	0	0	0	0
failed	21	0	0	0	0
failed	17	0	0	0	0
skipped	1	0	0	0	0
skipped	2	0	0	0	0
failed	6	0	0	0	0
failed	5	0	0	0	0
skipped	1	0	0	0	0
failed	67	0	0	0	0
failed	4	0	0	0	0
failed	45	0	0	0	0
skipped	2	0	0	0	0
failed	15	0	0	0	0
failed	8	0	0	0	0
failed	17	0	0	0	0
failed	8	0	0	0	0
failed	8	0	0	0	0
failed	7	0	0	0	0
skipped	1	0	0	0	0
failed	3	0	0	0	0
skipped	2	0	0	0	0
skipped	1	0	0	0	0
failed	5	0	0	0	0
skipped	2	0	0	0	0
skipped	1	0	0	0	0
skipped	1	0	0	0	0
failed	8	0	0	0	0
failed	5	0	0	0	0
failed	14	0	0	0	0
failed	39	0	0	0	0
failed	9	0	0	0	0
failed	9	0	0	0	0
failed	9	0	0	0	0
failed	7	0	0	0	0
failed	3	0	0	0	0
failed	3	0	0	0	0
failed	19	0	0	0	0
failed	12	0	0	0	0
failed	15	0	0	0	0
failed	12	0	0	0	0
failed	41	0	0	0	0
failed	16	0	0	0	0
failed	41	0	0	0	0
skipped	2	0	0	0	0
skipped	2	0	0	0	0
failed	6	0	0	0	0
failed	9	0	0	0	0
failed	7	0	0	0	0
failed	52	0	0	0	0
failed	26	0	0	0	0
failed	14	0	0	0	0
failed	51	0	0	0	0
skipped	1	0	0	0	0
failed	14	0	0	0	0
skipped	2	0	0	0	0
failed	21	0	0	0	0
skipped	1	0	0	0	0
failed	51	0	0	0	0
failed	80	0	0	0	0
failed	6	0	0	0	0
failed	8	0	0	0	0
skipped	1	0	0	0	0
failed	6	0	0	0	0
failed	4	0	0	0	0
failed	15	0	0	0	0
failed	24	0	0	0	0
failed	26	0	0	0	0
failed	14	0	0	0	0
failed	22	0	0	0	0
failed	9	0	0	0	0
failed	30	0	0	0	0
failed	30	0	0	0	0
failed	50	0	0	0	0
failed	50	0	0	0	0
failed	19	0	0	0	0
failed	5	0	0	0	0
failed	64	0	0	0	0
failed	10	0	0	0	0
failed	64	0	0	0	0
failed	28	0	0	0	0
failed	24	0	0	0	0
failed	4	0	0	0	0
skipped	2	0	0	0	0
skipped	2	0	0	0	0
failed	8	0	0	0	0
failed	33	0	0	0	0
failed	34	0	0	0	0
failed	3	0	0	0	0
skipped	2	0	0	0	0
skipped	1	0	0	0	0
skipped	2	0	0	0	0
failed	3	0	0	0	0
failed	4	0	0	0	0
skipped	2	0	0	0	0
failed	4	0	0	0	0
skipped	1	0	0	0	0
failed	64	0	0	0	0
failed	64	0	0	0	0
failed	4	0	0	0	0
failed	5	0	0	0	0
failed	8	0	0	0	0
skipped	1	0	0	0	0
skipped	1	0	0	0	0
failed	151	0	0	0	0
failed	14	0	0	0	0
failed	14	0	0	0	0
failed	10	0	0	0	0
skipped	1	0	0	0	0
skipped	1	0	0	0	0
failed	10	0	0	0	0
failed	35	0	0	0	0
failed	3	0	0	0	0
failed	18	0	0	0	0
failed	11	0	0	0	0
skipped	1	0	0	0	0
failed	18	0	0	0	0
failed	14	0	0	0	0
failed	4	0	0	0	0
failed	3	0	0	0	0
failed	32	0	0	0	0
failed	11	0	0	0	0
failed	9	0	0	0	0
failed	13	0	0	0	0
failed	3	0	0	0	0
failed	9	0	0	0	0
failed	6	0	0	0	0
failed	67	0	0	0	0
skipped	1	0	0	0	0
failed	8	0	0	0	0
failed	121	0	0	0	0
failed	63	0	0	0	0
failed	32	0	0	0	0
failed	3	0	0	0	0
failed	10	0	0	0	0
failed	34	0	0	0	0
skipped	1	0	0	0	0
skipped	1	0	0	0	0
failed	20	0	0	0	0
failed	8	0	0	0	0
skipped	2	0	0	0	0
skipped	1	0	0	0	0
failed	4	0	0	0	0
failed	3	0	0	0	0
failed	5	0	0	0	0
failed	9	0	0	0	0
failed	119	0	0	0	0
failed	13	0	0	0	0
skipped	1	0	0	0	0
skipped	2	0	0	0	0
failed	3	0	0	0	0
failed	10	0	0	0	0
skipped	2	0	0	0	0
skipped	1	0	0	0	0
failed	3	0	0	0	0
skipped	1	0	0	0	0
skipped	1	0	0	0	0
skipped	1	0	0	0	0
failed	3	0	0	0	0
failed	14	0	0	0	0
failed	8	0	0	0	0
failed	15	0	0	0	0
failed	30	0	0	0	0
failed	50	0	0	0	0
failed	8	0	0	0	0
failed	14	0	0	0	0
failed	5	0	0	0	0
skipped	1	0	0	0	0
failed	4	0	0	0	0
skipped	2	0	0	0	0
failed	3	0	0	0	0
skipped	2	0	0	0	0
failed	4	0	0	0	0
failed	6	0	0	0	0
failed	5	0	0	0	0
failed	6	0	0	0	0
failed	7	0	0	0	0
failed	5	0	0	0	0
failed	5	0	0	0	0
failed	17	0	0	0	0
failed	11	0	0	0	0
failed	23	0	0	0	0
skipped	1	0	0	0	0
failed	4	0	0	0	0
failed	3	0	0	0	0
failed	10	0	0	0	0
skipped	1	0	0	0	0
failed	4	0	0	0	0
failed	10	0	0	0	0
failed	5	0	0	0	0
failed	6	0	0	0	0
failed	24	0	0	0	0
failed	5	0	0	0	0
failed	5	0	0	0	0
failed	6	0	0	0	0
failed	6	0	0	0	0
failed	9	0	0	0	0
failed	7	0	0	0	0
skipped	1	0	0	0	0
failed	10	0	0	0	0
failed	12	0	0	0	0
failed	5	0	0	0	0
failed	5	0	0	0	0
skipped	1	0	0	0	0
skipped	1	0	0	0	0
skipped	1	0	0	0	0
failed	4	0	0	0	0
failed	4	0	0	0	0
skipped	1	0	0	0	0
failed	4	0	0	0	0
skipped	1	0	0	0	0
skipped	1	0	0	0	0
failed	3	0	0	0	0
skipped	2	0	0	0	0
failed	16	0	0	0	0
failed	18	0	0	0	0
failed	17	0	0	0	0
failed	5	0	0	0	0
failed	10	0	0	0	0
failed	23	0	0	0	0
failed	7	0	0	0	0
failed	27	0	0	0	0
failed	26	0	0	0	0
failed	17	0	0	0	0
failed	16	0	0	0	0
failed	6	0	0	0	0
skipped	1	0	0	0	0
failed	9	0	0	0	0
failed	9	0	0	0	0
failed	5	0	0	0	0
failed	28	0	0	0	0
failed	117	0	0	0	0
failed	65	0	0	0	0
failed	67	0	0	0	0
failed	3	0	0	0	0
failed	5	0	0	0	0
skipped	1	0	0	0	0
skipped	1	0	0	0	0
skipped	1	0	0	0	0
skipped	1	0	0	0	0
skipped	1	0	0	0	0
skipped	1	0	0	0	0
skipped	1	0	0	0	0
skipped	1	0	0	0	0
skipped	1	0	0	0	0
skipped	1	0	0	0	0
skipped	1	0	0	0	0
skipped	1	0	0	0	0
skipped	1	0	0	0	0
skipped	1	0	0	0	0
skipped	1	0	0	0	0
skipped	1	0	0	0	0
skipped	1	0	0	0	0
skipped	1	0	0	0	0
skipped	1	0	0	0	0
skipped	1	0	0	0	0
skipped	1	0	0	0	0
skipped	1	0	0	0	0
skipped	1	0	0	0	0
failed	18	0	0	0	0
skipped	1	0	0	0	0
skipped	1	0	0	0	0
skipped	1	0	0	0	0
skipped	1	0	0	0	0
skipped	1	0	0	0	0
skipped	1	0	0	0	0
skipped	1	0	0	0	0
skipped	1	0	0	0	0
skipped	1	0	0	0	0
skipped	1	0	0	0	0
skipped	1	0	0	0	0
skipped	1	0	0	0	0
failed	12	0	0	0	0
failed	4	0	0	0	0
failed	134	0	0	0	0
failed	20	0	0	0	0
failed	18	0	0	0	0
failed	39	0	0	0	0
failed	14	0	0	0	0
failed	4	0	0	0	0
failed	79	0	0	0	0
failed	28	0	0	0	0
failed	30	0	0	0	0
failed	23	0	0	0	0
failed	8	0	0	0	0
failed	14	0	0	0	0
failed	3	0	0	0	0
failed	45	0	0	0	0
skipped	1	0	0	0	0
failed	5	0	0	0	0
failed	6	0	0	0	0
failed	5	0	0	0	0
failed	5	0	0	0	0
skipped	1	0	0	0	0
failed	4	0	0	0	0
failed	19	0	0	0	0
skipped	1	0	0	0	0
failed	7	0	0	0	0
failed	5	0	0	0	0
skipped	1	0	0	0	0
skipped	1	0	0	0	0
skipped	1	0	0	0	0
skipped	1	0	0	0	0
skipped	1	0	0	0	0
skipped	1	0	0	0	0
skipped	1	0	0	0	0
failed	8	0	0	0	0
failed	4	0	0	0	0
skipped	1	0	0	0	0
failed	9	0	0	0	0
failed	5	0	0	0	0
failed	5	0	0	0	0
failed	15	0	0	0	0
success	5	100	5	0	1
failed	8	0	0	0	0
failed	25	0	0	0	0
failed	76	0	0	0	0
failed	5	0	0	0	0
success	4	100	4	0	1
skipped	2	0	0	0	0
failed	4	0	0	0	0
failed	9	0	0	0	0
failed	48	0	0	0	0
failed	7	0	0	0	0
failed	7	0	0	0	0
failed	4	0	0	0	0
skipped	2	0	0	0	0
failed	7	0	0	0	0
failed	36	0	0	0	0
failed	12	0	0	0	0
failed	8	0	0	0	0
failed	3	0	0	0	0
failed	5	0	0	0	0
skipped	2	0	0	0	0
failed	6	0	0	0	0
skipped	2	0	0	0	0
failed	26	0	0	0	0
skipped	1	0	0	0	0
skipped	2	0	0	0	0
skipped	1	0	0	0	0
failed	8	0	0	0	0
failed	142	0	0	0	0
skipped	1	0	0	0	0
failed	158	0	0	0	0
failed	157	0	0	0	0
failed	13	0	0	0	0
failed	14	0	0	0	0
failed	9	0	0	0	0
failed	5	0	0	0	0
failed	7	0	0	0	0
failed	7	0	0	0	0
failed	90	0	0	0	0
failed	4	0	0	0	0
failed	8	0	0	0	0
failed	6	0	0	0	0
failed	6	0	0	0	0
failed	5	0	0	0	0
failed	4	0	0	0	0
failed	7	0	0	0	0
skipped	1	0	0	0	0
failed	46	0	0	0	0
failed	10	0	0	0	0
skipped	1	0	0	0	0
failed	5	0	0	0	0
skipped	2	0	0	0	0
skipped	2	0	0	0	0
skipped	1	0	0	0	0
skipped	1	0	0	0	0
skipped	1	0	0	0	0
skipped	1	0	0	0	0
failed	25	0	0	0	0
failed	3	0	0	0	0
skipped	1	0	0	0	0
skipped	1	0	0	0	0
failed	20	0	0	0	0
success	11	100	11	0	1
failed	17	0	0	0	0
failed	6	0	0	0	0
failed	117	0	0	0	0
failed	10	0	0	0	0
skipped	1	0	0	0	0
failed	20	0	0	0	0
skipped	1	0	0	0	0
skipped	2	0	0	0	0
failed	7	0	0	0	0
failed	5	0	0	0	0
skipped	1	0	0	0	0
skipped	2	0	0	0	0
failed	9	0	0	0	0
failed	9	0	0	0	0
failed	9	0	0	0	0
skipped	1	0	0	0	0
failed	8	0	0	0	0
failed	9	0	0	0	0
skipped	2	0	0	0	0
skipped	2	0	0	0	0
skipped	1	0	0	0	0
skipped	1	0	0	0	0
failed	7	0	0	0	0
skipped	1	0	0	0	0
failed	5	0	0	0	0
failed	14	21.4285714285714	3	11	5
failed	13	0	0	0	0
failed	16	0	0	0	0
success	25	100	25	0	5
skipped	1	0	0	0	0
failed	52	0	0	0	0
failed	5	0	0	0	0
failed	3	33.3333333333333	1	2	1
failed	5	0	0	0	0
failed	30	0	0	0	0
failed	57	0	0	0	0
failed	10	0	0	0	0
skipped	1	0	0	0	0
success	7	100	7	0	6
skipped	2	0	0	0	0
skipped	1	0	0	0	0
success	17	100	17	0	6
skipped	2	0	0	0	0
success	25	100	25	0	5
failed	45	0	0	0	0
failed	18	0	0	0	0
failed	32	0	0	0	0
skipped	1	0	0	0	0
failed	38	0	0	0	0
failed	23	0	0	0	0
failed	5	0	0	0	0
failed	4	0	0	0	0
failed	9	0	0	0	0
skipped	2	0	0	0	0
failed	4	0	0	0	0
failed	12	0	0	0	0
failed	4	0	0	0	0
failed	4	0	0	0	0
failed	4	0	0	0	0
failed	3	0	0	0	0
failed	7	0	0	0	0
failed	8	0	0	0	0
skipped	1	0	0	0	0
skipped	1	0	0	0	0
skipped	1	0	0	0	0
failed	70	0	0	0	0
failed	32	0	0	32	2
failed	34	0	0	0	0
failed	13	0	0	0	0
failed	3	0	0	0	0
failed	14	0	0	0	0
failed	80	0	0	0	0
failed	84	0	0	0	0
skipped	2	0	0	0	0
failed	3	0	0	0	0
failed	5	0	0	0	0
failed	11	0	0	0	0
failed	3	0	0	0	0
failed	26	0	0	0	0
failed	4	0	0	0	0
failed	11	0	0	0	0
skipped	2	0	0	0	0
failed	10	0	0	0	0
failed	4	0	0	0	0
failed	16	0	0	0	0
skipped	2	0	0	0	0
failed	19	0	0	0	0
skipped	2	0	0	0	0
failed	4	0	0	0	0
failed	5	0	0	0	0
failed	11	0	0	0	0
failed	3	0	0	0	0
failed	3	0	0	0	0
failed	28	0	0	0	0
failed	39	0	0	0	0
failed	5	0	0	0	0
failed	28	0	0	0	0
success	5	100	5	0	2
skipped	2	0	0	0	0
skipped	1	0	0	0	0
failed	16	0	0	0	0
failed	4	0	0	0	0
skipped	1	0	0	0	0
failed	6	0	0	0	0
failed	6	0	0	0	0
failed	4	0	0	0	0
skipped	2	0	0	0	0
failed	9	0	0	0	0
skipped	1	0	0	0	0
skipped	1	0	0	0	0
skipped	1	0	0	0	0
skipped	2	0	0	0	0
skipped	1	0	0	0	0
failed	5	0	0	0	0
skipped	2	0	0	0	0
skipped	2	0	0	0	0
skipped	2	0	0	0	0
skipped	1	0	0	0	0
failed	3	0	0	0	0
failed	5	0	0	0	0
failed	3	0	0	0	0
failed	4	0	0	0	0
failed	5	0	0	0	0
failed	4	0	0	0	0
skipped	2	0	0	0	0
failed	10	0	0	0	0
skipped	2	0	0	0	0
skipped	2	0	0	0	0
failed	5	0	0	0	0
failed	4	0	0	0	0
skipped	1	0	0	0	0
skipped	2	0	0	0	0
skipped	1	0	0	0	0
skipped	2	0	0	0	0
skipped	1	0	0	0	0
failed	5	0	0	0	0
skipped	2	0	0	0	0
skipped	2	0	0	0	0
failed	3	0	0	0	0
skipped	2	0	0	0	0
failed	4	0	0	0	0
skipped	2	0	0	0	0
failed	5	0	0	0	0
skipped	1	0	0	0	0
failed	4	0	0	0	0
failed	3	0	0	0	0
skipped	1	0	0	0	0
success	3	100	3	0	8
failed	8	0	0	0	0
skipped	1	0	0	0	0
failed	10	0	0	0	0
skipped	1	0	0	0	0
skipped	1	0	0	0	0
failed	3	0	0	0	0
failed	18	0	0	0	0
failed	3	0	0	0	0
failed	6	0	0	0	0
skipped	2	0	0	0	0
failed	9	0	0	0	0
skipped	2	0	0	0	0
skipped	1	0	0	0	0
skipped	1	0	0	0	0
skipped	2	0	0	0	0
skipped	2	0	0	0	0
failed	6	0	0	0	0
skipped	1	0	0	0	0
skipped	1	0	0	0	0
success	3	100	3	0	5
skipped	1	0	0	0	0
failed	4	0	0	0	0
failed	3	0	0	0	0
failed	6	0	0	0	0
skipped	2	0	0	0	0
failed	3	0	0	0	0
skipped	1	0	0	0	0
skipped	2	0	0	0	0
skipped	1	0	0	0	0
skipped	2	0	0	0	0
failed	16	0	0	0	0
success	8	100	8	0	6
skipped	1	0	0	0	0
skipped	2	0	0	0	0
failed	7	71.4285714285714	5	2	6
failed	3	0	0	0	0
skipped	2	0	0	0	0
skipped	2	0	0	0	0
skipped	2	0	0	0	0
failed	310	0	0	0	0
skipped	1	0	0	0	0
success	59	100	59	0	5
failed	16	0	0	0	0
failed	6	0	0	0	0
success	40	100	40	0	5
partial	18	94.4444444444444	17	1	5
failed	4	0	0	0	0
skipped	1	0	0	0	0
failed	19	0	0	0	0
skipped	2	0	0	0	0
success	17	100	17	0	6
skipped	1	0	0	0	0
failed	6	0	0	0	0
failed	12	0	0	0	0
failed	8	0	0	0	0
success	3	100	3	0	6
success	4	100	4	0	6
success	4	100	4	0	6
failed	3	0	0	3	3
failed	15	0	0	0	0
skipped	2	0	0	0	0
success	4	100	4	0	7
skipped	1	0	0	0	0
success	4	100	4	0	6
success	4	100	4	0	6
failed	9	0	0	0	0
skipped	2	0	0	0	0
failed	4	0	0	0	0
failed	65	0	0	0	0
failed	6	0	0	0	0
skipped	2	0	0	0	0
skipped	2	0	0	0	0
failed	3	0	0	0	0
failed	3	0	0	3	3
failed	24	0	0	0	0
skipped	2	0	0	0	0
skipped	1	0	0	0	0
failed	24	0	0	0	0
success	11	100	11	0	7
failed	3	0	0	0	0
failed	24	0	0	0	0
failed	3	0	0	0	0
failed	27	0	0	0	0
failed	42	0	0	0	0
skipped	2	0	0	0	0
success	8	100	8	0	5
skipped	2	0	0	0	0
success	18	100	18	0	6
failed	24	0	0	0	0
success	23	100	23	0	5
failed	43	0	0	0	0
skipped	1	0	0	0	0
failed	44	0	0	0	0
success	16	100	16	0	6
failed	7	0	0	0	0
failed	29	0	0	0	0
success	12	100	12	0	8
failed	24	0	0	0	0
failed	10	60	6	4	4
skipped	2	0	0	0	0
skipped	1	0	0	0	0
skipped	2	0	0	0	0
failed	370	0	0	0	0
skipped	1	0	0	0	0
skipped	2	0	0	0	0
skipped	1	0	0	0	0
skipped	1	0	0	0	0
skipped	1	0	0	0	0
skipped	1	0	0	0	0
success	15	100	15	0	3
failed	59	23.728813559322	14	45	4
failed	109	0	0	0	0
failed	6	0	0	0	0
failed	3	0	0	0	0
failed	23	0	0	0	0
skipped	1	0	0	0	0
failed	33	0	0	0	0
failed	4	0	0	0	0
skipped	1	0	0	0	0
skipped	1	0	0	0	0
skipped	1	0	0	0	0
skipped	1	0	0	0	0
skipped	1	0	0	0	0
skipped	1	0	0	0	0
skipped	1	0	0	0	0
skipped	2	0	0	0	0
failed	3	0	0	0	0
failed	81	0	0	0	0
success	81	100	81	0	2
failed	25	0	0	0	0
success	8	100	8	0	5
success	8	100	8	0	5
failed	8	0	0	0	0
skipped	1	0	0	0	0
skipped	1	0	0	0	0
skipped	2	0	0	0	0
failed	5	0	0	0	0
failed	9	0	0	0	0
success	17	100	17	0	5
skipped	2	0	0	0	0
skipped	2	0	0	0	0
failed	21	0	0	21	1
failed	5	0	0	0	0
failed	21	0	0	0	0
failed	132	0	0	0	0
failed	4	0	0	0	0
skipped	2	0	0	0	0
skipped	2	0	0	0	0
skipped	1	0	0	0	0
failed	118	0	0	0	0
failed	148	0	0	0	0
success	27	100	27	0	4
failed	3	0	0	0	0
failed	6	0	0	0	0
failed	5	0	0	0	0
skipped	2	0	0	0	0
failed	23	0	0	0	0
failed	3	0	0	0	0
skipped	2	0	0	0	0
failed	12	0	0	0	0
skipped	1	0	0	0	0
failed	27	0	0	0	0
failed	133	0	0	0	0
skipped	1	0	0	0	0
failed	3	0	0	0	0
skipped	1	0	0	0	0
skipped	1	0	0	0	0
skipped	2	0	0	0	0
skipped	2	0	0	0	0
failed	10	0	0	0	0
skipped	2	0	0	0	0
failed	30	0	0	0	0
failed	130	0	0	0	0
failed	32	0	0	0	0
success	4	100	4	0	6
skipped	2	0	0	0	0
failed	3	0	0	0	0
failed	4	0	0	0	0
failed	6	0	0	0	0
failed	6	0	0	0	0
skipped	2	0	0	0	0
skipped	2	0	0	0	0
skipped	2	0	0	0	0
skipped	2	0	0	0	0
skipped	2	0	0	0	0
skipped	2	0	0	0	0
skipped	2	0	0	0	0
skipped	2	0	0	0	0
skipped	2	0	0	0	0
skipped	2	0	0	0	0
skipped	2	0	0	0	0
skipped	2	0	0	0	0
skipped	2	0	0	0	0
skipped	2	0	0	0	0
skipped	2	0	0	0	0
skipped	2	0	0	0	0
skipped	2	0	0	0	0
skipped	2	0	0	0	0
skipped	2	0	0	0	0
skipped	2	0	0	0	0
skipped	2	0	0	0	0
skipped	1	0	0	0	0
failed	5	0	0	0	0
failed	20	0	0	0	0
failed	4	0	0	0	0
failed	52	0	0	0	0
failed	16	0	0	0	0
failed	21	0	0	0	0
failed	4	0	0	0	0
failed	6	0	0	0	0
failed	11	0	0	0	0
failed	7	0	0	0	0
failed	4	0	0	0	0
skipped	1	0	0	0	0
failed	6	0	0	0	0
skipped	1	0	0	0	0
skipped	2	0	0	0	0
skipped	1	0	0	0	0
skipped	2	0	0	0	0
failed	6	0	0	0	0
failed	12	0	0	0	0
skipped	1	0	0	0	0
failed	6	0	0	0	0
failed	3397	0	0	0	0
skipped	2	0	0	0	0
success	16	100	16	0	6
skipped	2	0	0	0	0
failed	5	0	0	4	5
skipped	1	0	0	0	0
failed	7	0	0	0	0
failed	145	0	0	0	0
failed	61	0	0	0	0
partial	60	95	57	3	4
failed	154	0	0	0	0
failed	4	0	0	0	0
failed	5	0	0	0	0
skipped	1	0	0	0	0
failed	22	0	0	0	0
failed	3	0	0	0	0
skipped	2	0	0	0	0
skipped	1	0	0	0	0
failed	27	44.4444444444444	12	15	4
failed	36	0	0	0	0
failed	13	0	0	0	0
failed	5	0	0	0	0
failed	4	0	0	0	0
failed	35	0	0	0	0
failed	4	0	0	0	0
skipped	1	0	0	0	0
skipped	1	0	0	0	0
failed	12	0	0	0	0
success	36	100	36	0	5
success	40	100	40	0	2
skipped	2	0	0	0	0
failed	15	53.3333333333333	8	7	3
failed	11	0	0	0	0
failed	6	0	0	0	0
skipped	2	0	0	0	0
failed	14	0	0	0	0
skipped	2	0	0	0	0
failed	14	21.4285714285714	3	11	5
failed	3	0	0	0	0
failed	4	0	0	0	0
failed	5	0	0	0	0
skipped	2	0	0	0	0
skipped	2	0	0	0	0
failed	39	0	0	0	0
failed	44	0	0	0	0
success	6	100	6	0	5
failed	4	0	0	0	0
failed	14	0	0	0	0
failed	18	0	0	0	0
failed	10	50	5	5	7
skipped	2	0	0	0	0
skipped	1	0	0	0	0
partial	131	96.9465648854962	127	4	2
failed	10	0	0	0	0
failed	12	0	0	0	0
failed	3	0	0	0	0
failed	142	0	0	0	0
failed	3	0	0	0	0
skipped	1	0	0	0	0
failed	9	0	0	0	0
success	8	100	8	0	6
failed	34	0	0	0	0
failed	3	0	0	0	0
failed	3	0	0	0	0
skipped	1	0	0	0	0
failed	6	0	0	0	0
skipped	2	0	0	0	0
failed	4	0	0	0	0
failed	4	0	0	0	0
skipped	1	0	0	0	0
skipped	1	0	0	0	0
skipped	2	0	0	0	0
skipped	1	0	0	0	0
skipped	1	0	0	0	0
skipped	1	0	0	0	0
skipped	1	0	0	0	0
failed	9	0	0	0	0
failed	3	0	0	0	0
skipped	2	0	0	0	0
failed	13	0	0	0	0
failed	14	0	0	0	0
skipped	2	0	0	0	0
success	14	100	14	0	1
success	15	100	15	0	2
failed	15	0	0	0	0
failed	4	0	0	0	0
failed	42	0	0	0	0
failed	17	0	0	0	0
failed	6	16.6666666666667	1	5	3
failed	18	0	0	0	0
skipped	1	0	0	0	0
skipped	1	0	0	0	0
skipped	2	0	0	0	0
skipped	1	0	0	0	0
failed	6	0	0	0	0
skipped	1	0	0	0	0
failed	10	0	0	0	0
failed	10	0	0	0	0
failed	6	0	0	0	0
skipped	1	0	0	0	0
failed	7	0	0	0	0
skipped	1	0	0	0	0
skipped	1	0	0	0	0
failed	4	0	0	0	0
failed	3	0	0	0	0
skipped	1	0	0	0	0
failed	3	0	0	0	0
skipped	2	0	0	0	0
failed	5	0	0	0	0
failed	10	0	0	0	0
failed	3	0	0	0	0
skipped	1	0	0	0	0
skipped	1	0	0	0	0
skipped	1	0	0	0	0
skipped	1	0	0	0	0
skipped	1	0	0	0	0
skipped	1	0	0	0	0
skipped	1	0	0	0	0
skipped	1	0	0	0	0
skipped	1	0	0	0	0
skipped	1	0	0	0	0
skipped	1	0	0	0	0
skipped	1	0	0	0	0
failed	3	0	0	0	0
skipped	1	0	0	0	0
skipped	1	0	0	0	0
skipped	1	0	0	0	0
skipped	2	0	0	0	0
failed	12	0	0	0	0
skipped	1	0	0	0	0
failed	12	0	0	0	0
failed	12	0	0	0	0
failed	4	0	0	0	0
failed	7	0	0	0	0
failed	6	0	0	0	0
failed	6	0	0	0	0
failed	21	0	0	0	0
failed	6	0	0	0	0
skipped	1	0	0	0	0
failed	8	0	0	0	0
failed	7	0	0	0	0
failed	4	0	0	0	0
failed	6	0	0	0	0
failed	4	0	0	0	0
skipped	2	0	0	0	0
failed	3	0	0	0	0
skipped	1	0	0	0	0
skipped	2	0	0	0	0
skipped	1	0	0	0	0
skipped	1	0	0	0	0
skipped	1	0	0	0	0
skipped	1	0	0	0	0
failed	83	0	0	0	0
skipped	2	0	0	0	0
failed	10	0	0	0	0
failed	8	0	0	0	0
skipped	1	0	0	0	0
failed	13	0	0	0	0
failed	15	0	0	0	0
failed	20	0	0	0	0
failed	32	0	0	0	0
skipped	2	0	0	0	0
failed	19	0	0	0	0
failed	3	0	0	0	0
failed	22	0	0	0	0
failed	15	0	0	0	0
failed	8	0	0	0	0
failed	8	0	0	0	0
failed	6	0	0	0	0
failed	8	0	0	0	0
skipped	1	0	0	0	0
failed	4	0	0	0	0
success	3	100	3	0	1
failed	12	0	0	0	0
skipped	2	0	0	0	0
skipped	2	0	0	0	0
failed	4	0	0	0	0
failed	3	0	0	0	0
failed	4	0	0	0	0
failed	8	0	0	0	0
skipped	2	0	0	0	0
skipped	1	0	0	0	0
skipped	1	0	0	0	0
skipped	1	0	0	0	0
failed	14	0	0	0	0
skipped	1	0	0	0	0
failed	3	0	0	0	0
skipped	1	0	0	0	0
skipped	1	0	0	0	0
failed	5	0	0	0	0
skipped	1	0	0	0	0
failed	6	0	0	0	0
skipped	1	0	0	0	0
failed	8	0	0	0	0
failed	11	0	0	0	0
failed	10	0	0	0	0
failed	7	0	0	0	0
failed	9	0	0	0	0
failed	9	0	0	0	0
failed	9	0	0	0	0
failed	4	0	0	0	0
failed	48	0	0	0	0
failed	11	0	0	0	0
failed	5	0	0	0	0
skipped	1	0	0	0	0
failed	4	0	0	0	0
skipped	2	0	0	0	0
skipped	1	0	0	0	0
failed	3	0	0	0	0
skipped	2	0	0	0	0
failed	3	0	0	0	0
skipped	1	0	0	0	0
skipped	1	0	0	0	0
skipped	1	0	0	0	0
skipped	1	0	0	0	0
skipped	1	0	0	0	0
skipped	1	0	0	0	0
failed	18	0	0	0	0
failed	11	0	0	0	0
skipped	1	0	0	0	0
skipped	1	0	0	0	0
skipped	2	0	0	0	0
failed	15	0	0	0	0
failed	19	0	0	0	0
failed	22	0	0	0	0
failed	5	0	0	0	0
failed	4	0	0	0	0
skipped	1	0	0	0	0
skipped	1	0	0	0	0
failed	23	0	0	0	0
failed	7	0	0	0	0
skipped	1	0	0	0	0
skipped	2	0	0	0	0
skipped	1	0	0	0	0
skipped	1	0	0	0	0
skipped	2	0	0	0	0
failed	5	0	0	0	0
skipped	2	0	0	0	0
skipped	1	0	0	0	0
skipped	1	0	0	0	0
skipped	1	0	0	0	0
skipped	2	0	0	0	0
skipped	1	0	0	0	0
skipped	2	0	0	0	0
failed	8	0	0	0	0
skipped	2	0	0	0	0
skipped	1	0	0	0	0
failed	3	0	0	0	0
skipped	1	0	0	0	0
failed	6	0	0	0	0
failed	3	0	0	0	0
failed	4	0	0	0	0
failed	10	0	0	0	0
failed	170	0	0	0	0
failed	7	0	0	0	0
failed	5	0	0	0	0
skipped	2	0	0	0	0
failed	3	0	0	0	0
failed	3	0	0	0	0
skipped	1	0	0	0	0
skipped	1	0	0	0	0
failed	15	0	0	0	0
skipped	1	0	0	0	0
skipped	2	0	0	0	0
skipped	2	0	0	0	0
skipped	1	0	0	0	0
failed	4	0	0	0	0
skipped	2	0	0	0	0
failed	11	0	0	0	0
failed	7	0	0	0	0
skipped	2	0	0	0	0
skipped	1	0	0	0	0
failed	3	0	0	0	0
skipped	1	0	0	0	0
skipped	1	0	0	0	0
skipped	1	0	0	0	0
skipped	2	0	0	0	0
skipped	1	0	0	0	0
skipped	2	0	0	0	0
skipped	1	0	0	0	0
skipped	1	0	0	0	0
skipped	1	0	0	0	0
failed	13	0	0	0	0
skipped	1	0	0	0	0
failed	4	0	0	0	0
skipped	1	0	0	0	0
skipped	1	0	0	0	0
skipped	1	0	0	0	0
skipped	1	0	0	0	0
skipped	1	0	0	0	0
skipped	1	0	0	0	0
skipped	1	0	0	0	0
failed	3	0	0	0	0
failed	3	0	0	0	0
failed	11	0	0	0	0
failed	7	0	0	0	0
failed	4	0	0	0	0
failed	4	0	0	0	0
failed	5	0	0	0	0
skipped	1	0	0	0	0
skipped	1	0	0	0	0
skipped	1	0	0	0	0
failed	8	0	0	0	0
skipped	1	0	0	0	0
skipped	1	0	0	0	0
skipped	2	0	0	0	0
failed	101	0	0	0	0
failed	5	0	0	0	0
skipped	1	0	0	0	0
skipped	1	0	0	0	0
failed	9	0	0	0	0
skipped	2	0	0	0	0
failed	5	0	0	0	0
skipped	2	0	0	0	0
failed	9	0	0	0	0
skipped	1	0	0	0	0
skipped	1	0	0	0	0
failed	4	0	0	0	0
failed	3	0	0	0	0
failed	3	0	0	0	0
skipped	2	0	0	0	0
failed	10	0	0	0	0
failed	8	0	0	0	0
skipped	2	0	0	0	0
failed	4	0	0	0	0
skipped	2	0	0	0	0
failed	5	0	0	0	0
skipped	2	0	0	0	0
failed	4	0	0	0	0
skipped	2	0	0	0	0
failed	5	0	0	0	0
failed	7	0	0	0	0
failed	4	0	0	0	0
failed	6	0	0	0	0
failed	3	0	0	0	0
failed	6	0	0	0	0
skipped	2	0	0	0	0
skipped	2	0	0	0	0
failed	12	0	0	0	0
failed	12	0	0	0	0
skipped	2	0	0	0	0
failed	7	0	0	0	0
skipped	1	0	0	0	0
failed	15	0	0	0	0
skipped	1	0	0	0	0
failed	3	0	0	0	0
skipped	1	0	0	0	0
skipped	2	0	0	0	0
failed	8	0	0	0	0
skipped	2	0	0	0	0
skipped	2	0	0	0	0
failed	3	0	0	0	0
failed	4	0	0	0	0
skipped	2	0	0	0	0
skipped	2	0	0	0	0
skipped	2	0	0	0	0
skipped	2	0	0	0	0
skipped	2	0	0	0	0
skipped	1	0	0	0	0
failed	4	0	0	0	0
failed	3	0	0	0	0
failed	12	0	0	0	0
failed	5	0	0	0	0
skipped	1	0	0	0	0
failed	6	0	0	0	0
failed	5	0	0	0	0
failed	6	0	0	0	0
failed	28	0	0	0	0
failed	3	0	0	0	0
failed	23	0	0	0	0
failed	5	0	0	0	0
failed	13	0	0	0	0
failed	5	0	0	0	0
failed	4	0	0	0	0
failed	4	0	0	0	0
failed	7	0	0	0	0
failed	3	0	0	0	0
skipped	1	0	0	0	0
skipped	1	0	0	0	0
skipped	1	0	0	0	0
failed	34	0	0	0	0
failed	4	0	0	0	0
failed	74	4.05405405405405	3	71	3
failed	3	0	0	0	0
failed	3	0	0	0	0
failed	57	50.8771929824561	29	28	4
skipped	1	0	0	0	0
success	26	100	26	0	6
partial	9	88.8888888888889	8	1	5
skipped	1	0	0	0	0
failed	6	0	0	0	0
failed	18	0	0	0	0
failed	10	10	1	9	4
skipped	2	0	0	0	0
failed	6	0	0	0	0
skipped	2	0	0	0	0
skipped	2	0	0	0	0
success	72	100	72	0	2
failed	4	0	0	0	0
success	58	100	58	0	3
failed	67	0	0	0	0
success	84	100	84	0	3
failed	3	0	0	0	0
failed	17	0	0	0	0
failed	4	0	0	0	0
success	41	100	41	0	3
success	15	100	15	0	7
success	50	100	50	0	4
skipped	1	0	0	0	0
failed	7	0	0	0	0
success	6	100	6	0	4
failed	29	0	0	0	0
failed	584	0	0	0	0
success	6	100	6	0	6
success	38	100	38	0	3
skipped	1	0	0	0	0
failed	7	0	0	0	0
success	30	100	30	0	1
success	8	100	8	0	2
failed	12	75	9	3	1
failed	5	0	0	0	0
skipped	1	0	0	0	0
success	25	100	25	0	1
success	10	100	10	0	3
skipped	2	0	0	0	0
success	24	100	24	0	5
failed	10	0	0	0	0
success	7	100	7	0	5
failed	35	0	0	0	0
success	11	100	11	0	6
success	23	100	23	0	4
success	21	100	21	0	4
skipped	2	0	0	0	0
skipped	1	0	0	0	0
failed	3	0	0	0	0
partial	23	95.6521739130435	22	1	1
failed	28	0	0	0	0
skipped	1	0	0	0	0
skipped	1	0	0	0	0
skipped	1	0	0	0	0
skipped	1	0	0	0	0
skipped	1	0	0	0	0
skipped	1	0	0	0	0
failed	3	0	0	0	0
failed	14	0	0	0	0
skipped	1	0	0	0	0
failed	14	0	0	0	0
skipped	1	0	0	0	0
success	3	100	3	0	1
failed	4	0	0	0	0
skipped	2	0	0	0	0
failed	3	0	0	0	0
failed	4	0	0	0	0
skipped	1	0	0	0	0
success	5	100	5	0	4
success	4	100	4	0	1
failed	4	75	3	1	8
failed	83	0	0	0	0
failed	18	0	0	0	0
failed	4	75	3	1	11
success	4	100	4	0	12
skipped	1	0	0	0	0
success	4	100	4	0	12
failed	13	0	0	0	0
skipped	2	0	0	0	0
failed	8	0	0	8	1
failed	3	0	0	0	0
failed	12	0	0	0	0
skipped	2	0	0	0	0
skipped	2	0	0	0	0
skipped	2	0	0	0	0
skipped	1	0	0	0	0
skipped	2	0	0	0	0
skipped	1	0	0	0	0
skipped	2	0	0	0	0
skipped	2	0	0	0	0
skipped	2	0	0	0	0
skipped	2	0	0	0	0
skipped	1	0	0	0	0
skipped	2	0	0	0	0
partial	6	83.3333333333333	5	1	2
skipped	1	0	0	0	0
failed	32	0	0	0	0
partial	31	93.5483870967742	29	2	1
failed	3	33.3333333333333	1	2	2
failed	8	75	6	2	2
success	5	100	5	0	3
success	4	100	4	0	3
partial	6	83.3333333333333	5	1	5
success	8	100	8	0	2
failed	6	0	0	6	1
partial	5	80	4	1	2
failed	53	67.9245283018868	36	17	2
skipped	2	0	0	0	0
failed	3	33.3333333333333	1	2	2
partial	18	83.3333333333333	15	3	2
skipped	1	0	0	0	0
success	9	100	9	0	3
skipped	2	0	0	0	0
failed	4	0	0	4	1
skipped	1	0	0	0	0
partial	10	90	9	1	5
skipped	1	0	0	0	0
skipped	1	0	0	0	0
failed	36	0	0	0	0
skipped	2	0	0	0	0
skipped	1	0	0	0	0
skipped	2	0	0	0	0
failed	3	0	0	0	0
partial	21	80.952380952381	17	4	2
skipped	1	0	0	0	0
skipped	1	0	0	0	0
partial	19	89.4736842105263	17	2	2
failed	6	50	3	3	2
failed	20	0	0	0	0
partial	13	84.6153846153846	11	2	1
success	15	100	15	0	2
partial	7	85.7142857142857	6	1	1
success	8	100	8	0	2
skipped	1	0	0	0	0
skipped	1	0	0	0	0
failed	4	50	2	2	1
failed	4	25	1	3	1
skipped	1	0	0	0	0
skipped	2	0	0	0	0
skipped	1	0	0	0	0
failed	6	33.3333333333333	2	4	1
failed	7	42.8571428571429	3	4	1
partial	9	88.8888888888889	8	1	2
skipped	1	0	0	0	0
partial	14	92.8571428571429	13	1	2
partial	16	93.75	15	1	2
partial	16	93.75	15	1	2
failed	5	40	2	3	1
skipped	2	0	0	0	0
failed	6	0	0	6	3
success	4	100	4	0	2
failed	9	33.3333333333333	3	6	1
skipped	1	0	0	0	0
partial	18	83.3333333333333	15	3	2
success	7	100	7	0	2
success	5	100	5	0	2
partial	30	90	27	3	2
partial	30	90	27	3	2
skipped	2	0	0	0	0
failed	5	0	0	5	1
skipped	2	0	0	0	0
skipped	2	0	0	0	0
failed	8	75	6	2	1
skipped	2	0	0	0	0
success	16	100	16	0	2
failed	8	0	0	8	3
skipped	2	0	0	0	0
success	11	100	11	0	2
skipped	1	0	0	0	0
skipped	2	0	0	0	0
partial	18	94.4444444444444	17	1	2
partial	22	86.3636363636364	19	3	2
skipped	2	0	0	0	0
partial	15	86.6666666666667	13	2	2
skipped	2	0	0	0	0
success	8	100	8	0	2
success	4	100	4	0	2
failed	7	0	0	7	1
success	4	100	4	0	5
skipped	1	0	0	0	0
skipped	2	0	0	0	0
failed	4	0	0	4	1
skipped	1	0	0	0	0
failed	4	50	2	2	2
skipped	2	0	0	0	0
failed	5	20	1	4	3
failed	4	0	0	4	2
failed	8	62.5	5	3	1
failed	3	33.3333333333333	1	2	3
success	5	100	5	0	2
skipped	2	0	0	0	0
failed	4	75	3	1	1
success	6	100	6	0	1
partial	9	88.8888888888889	8	1	2
skipped	1	0	0	0	0
success	4	100	4	0	4
skipped	2	0	0	0	0
skipped	2	0	0	0	0
failed	3	0	0	3	3
skipped	2	0	0	0	0
success	11	100	11	0	3
failed	7	0	0	0	0
success	16	100	16	0	3
failed	3	0	0	0	0
partial	7	85.7142857142857	6	1	4
success	7	100	7	0	2
skipped	2	0	0	0	0
success	19	100	19	0	2
failed	12	50	6	6	3
success	5	100	5	0	2
success	18	100	18	0	2
success	3	100	3	0	2
partial	15	86.6666666666667	13	2	2
success	8	100	8	0	2
failed	8	0	0	8	1
success	3	100	3	0	7
failed	13	53.8461538461539	7	6	4
failed	6	0	0	6	1
success	4	100	4	0	5
success	3	100	3	0	3
failed	6	16.6666666666667	1	5	4
success	6	100	6	0	4
failed	6	16.6666666666667	1	5	4
skipped	1	0	0	0	0
skipped	2	0	0	0	0
failed	10	0	0	10	1
skipped	1	0	0	0	0
failed	6	16.6666666666667	1	5	4
success	3	100	3	0	7
skipped	1	0	0	0	0
success	3	100	3	0	3
success	6	100	6	0	3
failed	4	0	0	4	1
skipped	2	0	0	0	0
failed	4	0	0	4	4
partial	5	80	4	1	4
failed	4	0	0	0	0
skipped	1	0	0	0	0
failed	4	0	0	0	0
skipped	1	0	0	0	0
skipped	2	0	0	0	0
failed	4	25	1	3	2
failed	6	0	0	6	1
failed	4	0	0	0	0
failed	5	40	2	3	2
success	6	100	6	0	5
skipped	2	0	0	0	0
failed	5	0	0	5	1
skipped	1	0	0	0	0
skipped	1	0	0	0	0
success	4	100	4	0	2
success	5	100	5	0	2
success	23	100	23	0	3
skipped	2	0	0	0	0
skipped	2	0	0	0	0
skipped	2	0	0	0	0
success	4	100	4	0	3
failed	9	55.5555555555556	5	4	2
skipped	1	0	0	0	0
skipped	1	0	0	0	0
skipped	1	0	0	0	0
skipped	1	0	0	0	0
failed	5	0	0	5	1
skipped	2	0	0	0	0
failed	3	33.3333333333333	1	2	1
skipped	1	0	0	0	0
failed	4	75	3	1	2
skipped	2	0	0	0	0
skipped	1	0	0	0	0
skipped	1	0	0	0	0
failed	9	66.6666666666667	6	3	5
failed	6	50	3	3	5
skipped	2	0	0	0	0
skipped	1	0	0	0	0
failed	22	68.1818181818182	15	7	3
failed	3	33.3333333333333	1	2	2
failed	5	40	2	3	4
skipped	2	0	0	0	0
skipped	2	0	0	0	0
partial	6	83.3333333333333	5	1	2
skipped	1	0	0	0	0
skipped	1	0	0	0	0
failed	5	20	1	4	1
skipped	1	0	0	0	0
skipped	2	0	0	0	0
skipped	1	0	0	0	0
skipped	2	0	0	0	0
skipped	2	0	0	0	0
skipped	2	0	0	0	0
failed	3	66.6666666666667	2	1	2
skipped	1	0	0	0	0
skipped	2	0	0	0	0
skipped	1	0	0	0	0
success	3	100	3	0	8
failed	3	66.6666666666667	2	1	1
skipped	2	0	0	0	0
skipped	1	0	0	0	0
failed	3	66.6666666666667	2	1	7
failed	3	66.6666666666667	2	1	4
failed	13	53.8461538461539	7	6	3
failed	3	66.6666666666667	2	1	1
success	5	100	5	0	3
failed	5	40	2	3	1
skipped	2	0	0	0	0
failed	3	0	0	3	3
skipped	2	0	0	0	0
skipped	1	0	0	0	0
skipped	1	0	0	0	0
skipped	1	0	0	0	0
failed	3	0	0	3	1
skipped	1	0	0	0	0
success	4	100	4	0	3
skipped	1	0	0	0	0
failed	10	50	5	5	1
skipped	1	0	0	0	0
skipped	1	0	0	0	0
success	8	100	8	0	3
success	3	100	3	0	2
skipped	1	0	0	0	0
success	3	100	3	0	3
failed	3	33.3333333333333	1	2	1
success	3	100	3	0	3
failed	8	0	0	0	0
skipped	1	0	0	0	0
skipped	1	0	0	0	0
skipped	2	0	0	0	0
failed	3	0	0	3	1
skipped	2	0	0	0	0
skipped	2	0	0	0	0
failed	6	0	0	6	1
skipped	2	0	0	0	0
skipped	1	0	0	0	0
failed	3	66.6666666666667	2	1	8
failed	4	0	0	0	0
failed	3	0	0	3	2
success	5	100	5	0	2
failed	7	0	0	7	1
failed	3	66.6666666666667	2	1	2
skipped	2	0	0	0	0
failed	5	20	1	4	2
failed	7	42.8571428571429	3	4	3
skipped	1	0	0	0	0
failed	8	25	2	6	1
partial	6	83.3333333333333	5	1	2
success	7	100	7	0	7
failed	3	0	0	3	4
failed	3	66.6666666666667	2	1	1
failed	6	0	0	6	1
skipped	2	0	0	0	0
failed	3	0	0	3	3
success	3	100	3	0	4
failed	4	25	1	3	4
success	3	100	3	0	5
skipped	2	0	0	0	0
failed	8	75	6	2	2
success	3	100	3	0	3
skipped	1	0	0	0	0
skipped	2	0	0	0	0
success	5	100	5	0	2
skipped	2	0	0	0	0
failed	6	0	0	0	0
success	7	100	7	0	2
skipped	1	0	0	0	0
success	6	100	6	0	2
success	6	100	6	0	3
failed	3	66.6666666666667	2	1	2
skipped	2	0	0	0	0
skipped	1	0	0	0	0
failed	5	20	1	4	1
success	4	100	4	0	4
success	4	100	4	0	3
skipped	2	0	0	0	0
success	6	100	6	0	2
skipped	1	0	0	0	0
skipped	1	0	0	0	0
skipped	2	0	0	0	0
failed	4	0	0	4	1
skipped	1	0	0	0	0
skipped	1	0	0	0	0
failed	5	60	3	2	2
skipped	1	0	0	0	0
skipped	1	0	0	0	0
skipped	1	0	0	0	0
skipped	1	0	0	0	0
skipped	2	0	0	0	0
skipped	2	0	0	0	0
skipped	1	0	0	0	0
skipped	1	0	0	0	0
success	3	100	3	0	8
skipped	2	0	0	0	0
success	3	100	3	0	4
failed	3	0	0	3	3
partial	6	83.3333333333333	5	1	2
skipped	1	0	0	0	0
skipped	1	0	0	0	0
success	6	100	6	0	2
skipped	2	0	0	0	0
skipped	1	0	0	0	0
success	3	100	3	0	2
skipped	1	0	0	0	0
skipped	1	0	0	0	0
skipped	2	0	0	0	0
skipped	1	0	0	0	0
failed	7	0	0	7	5
failed	3	0	0	3	3
skipped	2	0	0	0	0
failed	7	0	0	7	2
skipped	2	0	0	0	0
skipped	1	0	0	0	0
skipped	1	0	0	0	0
failed	4	0	0	4	1
failed	4	0	0	4	3
skipped	1	0	0	0	0
skipped	2	0	0	0	0
success	4	100	4	0	2
success	9	100	9	0	3
success	9	100	9	0	4
success	6	100	6	0	4
skipped	1	0	0	0	0
skipped	2	0	0	0	0
success	3	100	3	0	2
skipped	1	0	0	0	0
skipped	1	0	0	0	0
skipped	1	0	0	0	0
failed	6	16.6666666666667	1	5	1
success	3	100	3	0	3
skipped	1	0	0	0	0
skipped	1	0	0	0	0
failed	8	0	0	8	2
failed	18	5.55555555555556	1	17	1
failed	4	75	3	1	3
failed	11	0	0	11	1
partial	6	83.3333333333333	5	1	4
failed	4	25	1	3	2
skipped	1	0	0	0	0
failed	6	0	0	0	0
failed	3	66.6666666666667	2	1	9
failed	17	52.9411764705882	9	8	2
skipped	2	0	0	0	0
failed	13	7.69230769230769	1	12	1
skipped	1	0	0	0	0
failed	24	0	0	0	0
skipped	1	0	0	0	0
skipped	1	0	0	0	0
skipped	1	0	0	0	0
skipped	2	0	0	0	0
success	3	100	3	0	2
skipped	2	0	0	0	0
failed	7	0	0	7	5
failed	7	0	0	7	1
failed	9	77.7777777777778	7	2	2
skipped	1	0	0	0	0
skipped	2	0	0	0	0
skipped	1	0	0	0	0
skipped	1	0	0	0	0
skipped	2	0	0	0	0
skipped	2	0	0	0	0
failed	3	33.3333333333333	1	2	1
skipped	1	0	0	0	0
skipped	2	0	0	0	0
skipped	1	0	0	0	0
skipped	1	0	0	0	0
partial	12	91.6666666666667	11	1	2
skipped	1	0	0	0	0
failed	3	33.3333333333333	1	2	1
failed	7	0	0	7	2
skipped	2	0	0	0	0
success	3	100	3	0	8
skipped	1	0	0	0	0
success	6	100	6	0	3
success	5	100	5	0	2
skipped	1	0	0	0	0
skipped	2	0	0	0	0
skipped	1	0	0	0	0
success	3	100	3	0	9
skipped	2	0	0	0	0
success	3	100	3	0	9
success	4	100	4	0	3
skipped	1	0	0	0	0
skipped	1	0	0	0	0
skipped	1	0	0	0	0
partial	31	96.7741935483871	30	1	1
skipped	1	0	0	0	0
failed	4	0	0	4	1
skipped	1	0	0	0	0
partial	28	96.4285714285714	27	1	1
success	4	100	4	0	1
skipped	1	0	0	0	0
skipped	1	0	0	0	0
skipped	1	0	0	0	0
skipped	1	0	0	0	0
skipped	2	0	0	0	0
skipped	1	0	0	0	0
partial	7	85.7142857142857	6	1	3
skipped	1	0	0	0	0
skipped	1	0	0	0	0
skipped	1	0	0	0	0
skipped	2	0	0	0	0
skipped	2	0	0	0	0
failed	4	75	3	1	3
failed	4	75	3	1	3
skipped	1	0	0	0	0
skipped	1	0	0	0	0
success	3	100	3	0	2
skipped	2	0	0	0	0
partial	50	86	43	7	2
partial	50	86	43	7	2
skipped	1	0	0	0	0
success	11	100	11	0	2
success	31	100	31	0	1
success	10	100	10	0	3
failed	5	60	3	2	4
failed	5	60	3	2	4
success	16	100	16	0	3
skipped	2	0	0	0	0
skipped	1	0	0	0	0
skipped	1	0	0	0	0
failed	6	66.6666666666667	4	2	1
failed	10	0	0	10	1
failed	11	0	0	11	1
failed	6	16.6666666666667	1	5	2
skipped	2	0	0	0	0
success	4	100	4	0	2
partial	11	81.8181818181818	9	2	3
failed	325	0	0	0	0
success	15	100	15	0	2
success	4	100	4	0	1
failed	5	0	0	0	0
failed	3	0	0	0	0
failed	7	0	0	0	0
partial	24	83.3333333333333	20	4	1
skipped	1	0	0	0	0
success	4	100	4	0	2
success	7	100	7	0	4
skipped	1	0	0	0	0
skipped	1	0	0	0	0
skipped	1	0	0	0	0
skipped	1	0	0	0	0
skipped	2	0	0	0	0
skipped	1	0	0	0	0
skipped	1	0	0	0	0
skipped	1	0	0	0	0
failed	4	25	1	3	4
skipped	1	0	0	0	0
failed	8	37.5	3	5	3
skipped	2	0	0	0	0
failed	3	0	0	0	0
failed	4	0	0	0	0
failed	4	0	0	0	0
skipped	2	0	0	0	0
failed	3	0	0	0	0
failed	3	0	0	0	0
failed	3	0	0	0	0
skipped	2	0	0	0	0
failed	5	0	0	0	0
skipped	1	0	0	0	0
skipped	1	0	0	0	0
skipped	1	0	0	0	0
failed	4	0	0	0	0
skipped	2	0	0	0	0
failed	8	0	0	0	0
failed	8	0	0	0	0
failed	4	0	0	0	0
skipped	2	0	0	0	0
failed	6	0	0	0	0
failed	5	0	0	0	0
failed	8	0	0	0	0
failed	5	0	0	0	0
failed	5	0	0	0	0
failed	7	0	0	0	0
failed	4	0	0	0	0
skipped	1	0	0	0	0
skipped	1	0	0	0	0
skipped	2	0	0	0	0
skipped	2	0	0	0	0
skipped	1	0	0	0	0
skipped	1	0	0	0	0
skipped	2	0	0	0	0
skipped	1	0	0	0	0
skipped	2	0	0	0	0
skipped	1	0	0	0	0
skipped	1	0	0	0	0
failed	8	0	0	0	0
skipped	2	0	0	0	0
failed	3	0	0	0	0
skipped	1	0	0	0	0
skipped	2	0	0	0	0
skipped	1	0	0	0	0
skipped	2	0	0	0	0
failed	18	0	0	0	0
failed	20	0	0	0	0
failed	10	0	0	0	0
failed	20	0	0	0	0
failed	7	0	0	0	0
failed	13	0	0	0	0
failed	3	0	0	0	0
skipped	1	0	0	0	0
failed	46	0	0	0	0
failed	12	0	0	0	0
skipped	1	0	0	0	0
skipped	1	0	0	0	0
skipped	1	0	0	0	0
failed	3	0	0	0	0
skipped	1	0	0	0	0
failed	50	0	0	0	0
failed	46	0	0	0	0
failed	8	0	0	0	0
failed	41	0	0	0	0
failed	3	0	0	3	2
skipped	1	0	0	0	0
skipped	2	0	0	0	0
failed	3	0	0	0	0
failed	3	0	0	0	0
failed	5	0	0	0	0
failed	13	0	0	0	0
failed	10	0	0	10	2
failed	28	0	0	0	0
failed	12	0	0	12	2
failed	18	0	0	0	0
success	34	100	34	0	3
failed	18	0	0	18	3
failed	27	0	0	0	0
skipped	1	0	0	0	0
failed	3	0	0	0	0
skipped	1	0	0	0	0
failed	8	0	0	0	0
skipped	1	0	0	0	0
skipped	1	0	0	0	0
failed	9	0	0	0	0
failed	8	0	0	0	0
failed	49	42.8571428571429	21	28	1
skipped	1	0	0	0	0
failed	15	0	0	0	0
failed	27	0	0	0	0
failed	3	0	0	0	0
failed	11	0	0	0	0
failed	9	0	0	0	0
failed	16	0	0	0	0
failed	11	0	0	0	0
failed	11	0	0	0	0
failed	26	0	0	0	0
skipped	2	0	0	0	0
failed	3	0	0	0	0
skipped	2	0	0	0	0
failed	15	0	0	0	0
skipped	2	0	0	0	0
skipped	2	0	0	0	0
skipped	1	0	0	0	0
skipped	2	0	0	0	0
failed	14	0	0	0	0
skipped	1	0	0	0	0
failed	7	0	0	0	0
skipped	1	0	0	0	0
failed	4	0	0	0	0
failed	5	0	0	0	0
failed	12	0	0	0	0
failed	4	0	0	0	0
failed	5	0	0	0	0
skipped	2	0	0	0	0
failed	5	0	0	0	0
failed	6	0	0	0	0
skipped	1	0	0	0	0
skipped	1	0	0	0	0
skipped	2	0	0	0	0
failed	27	0	0	0	0
failed	3	0	0	0	0
failed	12	0	0	0	0
failed	4	0	0	0	0
failed	4	0	0	0	0
failed	12	0	0	0	0
failed	7	0	0	0	0
skipped	2	0	0	0	0
skipped	2	0	0	0	0
failed	11	0	0	0	0
failed	4	0	0	0	0
failed	11	0	0	0	0
failed	12	0	0	0	0
failed	19	0	0	0	0
failed	13	0	0	0	0
failed	11	0	0	0	0
failed	11	0	0	0	0
failed	9	0	0	0	0
failed	8	0	0	0	0
failed	3	0	0	0	0
skipped	1	0	0	0	0
failed	3	0	0	0	0
skipped	1	0	0	0	0
skipped	1	0	0	0	0
failed	12	0	0	0	0
failed	11	0	0	0	0
failed	11	0	0	0	0
failed	4	0	0	0	0
skipped	1	0	0	0	0
failed	3	0	0	0	0
failed	3	0	0	0	0
skipped	1	0	0	0	0
skipped	1	0	0	0	0
skipped	1	0	0	0	0
failed	7	0	0	0	0
failed	14	0	0	0	0
failed	31	0	0	0	0
skipped	1	0	0	0	0
failed	8	0	0	0	0
failed	57	0	0	0	0
failed	25	0	0	0	0
failed	4	0	0	0	0
failed	6	0	0	0	0
skipped	1	0	0	0	0
skipped	1	0	0	0	0
failed	16	0	0	0	0
failed	86	0	0	0	0
failed	12	0	0	0	0
skipped	1	0	0	0	0
skipped	1	0	0	0	0
skipped	1	0	0	0	0
failed	16	0	0	0	0
failed	10	0	0	0	0
skipped	1	0	0	0	0
skipped	1	0	0	0	0
skipped	1	0	0	0	0
skipped	1	0	0	0	0
skipped	1	0	0	0	0
failed	5	0	0	0	0
failed	5	0	0	0	0
failed	3	0	0	0	0
skipped	1	0	0	0	0
skipped	1	0	0	0	0
skipped	1	0	0	0	0
skipped	1	0	0	0	0
skipped	1	0	0	0	0
skipped	1	0	0	0	0
skipped	1	0	0	0	0
skipped	1	0	0	0	0
skipped	1	0	0	0	0
skipped	1	0	0	0	0
skipped	2	0	0	0	0
skipped	2	0	0	0	0
skipped	2	0	0	0	0
skipped	1	0	0	0	0
skipped	1	0	0	0	0
failed	4	0	0	0	0
skipped	1	0	0	0	0
skipped	1	0	0	0	0
skipped	1	0	0	0	0
skipped	1	0	0	0	0
failed	17	0	0	0	0
skipped	1	0	0	0	0
skipped	1	0	0	0	0
failed	4	0	0	0	0
skipped	1	0	0	0	0
failed	19	0	0	0	0
skipped	1	0	0	0	0
skipped	1	0	0	0	0
skipped	1	0	0	0	0
skipped	1	0	0	0	0
skipped	1	0	0	0	0
skipped	1	0	0	0	0
skipped	1	0	0	0	0
skipped	1	0	0	0	0
skipped	1	0	0	0	0
skipped	2	0	0	0	0
skipped	1	0	0	0	0
skipped	1	0	0	0	0
skipped	1	0	0	0	0
skipped	1	0	0	0	0
skipped	1	0	0	0	0
skipped	2	0	0	0	0
skipped	1	0	0	0	0
skipped	1	0	0	0	0
failed	5	0	0	0	0
skipped	2	0	0	0	0
skipped	1	0	0	0	0
skipped	1	0	0	0	0
skipped	2	0	0	0	0
skipped	1	0	0	0	0
skipped	1	0	0	0	0
skipped	1	0	0	0	0
skipped	1	0	0	0	0
skipped	1	0	0	0	0
failed	3	0	0	0	0
skipped	1	0	0	0	0
skipped	1	0	0	0	0
skipped	1	0	0	0	0
skipped	1	0	0	0	0
skipped	2	0	0	0	0
skipped	1	0	0	0	0
skipped	1	0	0	0	0
skipped	1	0	0	0	0
skipped	1	0	0	0	0
skipped	1	0	0	0	0
skipped	2	0	0	0	0
skipped	2	0	0	0	0
skipped	1	0	0	0	0
skipped	1	0	0	0	0
failed	45	0	0	0	0
skipped	1	0	0	0	0
skipped	1	0	0	0	0
skipped	1	0	0	0	0
skipped	1	0	0	0	0
skipped	1	0	0	0	0
skipped	1	0	0	0	0
skipped	1	0	0	0	0
skipped	1	0	0	0	0
skipped	1	0	0	0	0
skipped	1	0	0	0	0
skipped	1	0	0	0	0
skipped	1	0	0	0	0
skipped	1	0	0	0	0
failed	9	0	0	0	0
skipped	1	0	0	0	0
skipped	1	0	0	0	0
skipped	1	0	0	0	0
skipped	1	0	0	0	0
skipped	2	0	0	0	0
skipped	1	0	0	0	0
skipped	2	0	0	0	0
skipped	1	0	0	0	0
skipped	1	0	0	0	0
skipped	1	0	0	0	0
skipped	1	0	0	0	0
skipped	1	0	0	0	0
skipped	1	0	0	0	0
skipped	1	0	0	0	0
skipped	2	0	0	0	0
skipped	2	0	0	0	0
skipped	1	0	0	0	0
skipped	1	0	0	0	0
skipped	1	0	0	0	0
skipped	1	0	0	0	0
skipped	1	0	0	0	0
skipped	1	0	0	0	0
skipped	1	0	0	0	0
skipped	1	0	0	0	0
skipped	1	0	0	0	0
skipped	1	0	0	0	0
failed	3	0	0	0	0
skipped	2	0	0	0	0
failed	3	0	0	0	0
failed	4	0	0	0	0
skipped	1	0	0	0	0
skipped	1	0	0	0	0
skipped	1	0	0	0	0
skipped	1	0	0	0	0
skipped	1	0	0	0	0
failed	3	0	0	0	0
skipped	1	0	0	0	0
skipped	1	0	0	0	0
skipped	1	0	0	0	0
skipped	1	0	0	0	0
skipped	1	0	0	0	0
skipped	1	0	0	0	0
skipped	1	0	0	0	0
skipped	1	0	0	0	0
skipped	2	0	0	0	0
skipped	2	0	0	0	0
skipped	1	0	0	0	0
skipped	1	0	0	0	0
skipped	1	0	0	0	0
skipped	1	0	0	0	0
skipped	1	0	0	0	0
skipped	1	0	0	0	0
skipped	1	0	0	0	0
skipped	1	0	0	0	0
skipped	2	0	0	0	0
skipped	2	0	0	0	0
skipped	1	0	0	0	0
skipped	2	0	0	0	0
skipped	1	0	0	0	0
skipped	2	0	0	0	0
skipped	1	0	0	0	0
skipped	1	0	0	0	0
skipped	1	0	0	0	0
skipped	1	0	0	0	0
skipped	1	0	0	0	0
skipped	1	0	0	0	0
skipped	1	0	0	0	0
skipped	1	0	0	0	0
skipped	1	0	0	0	0
skipped	1	0	0	0	0
skipped	1	0	0	0	0
skipped	1	0	0	0	0
skipped	1	0	0	0	0
skipped	1	0	0	0	0
skipped	1	0	0	0	0
skipped	1	0	0	0	0
skipped	1	0	0	0	0
skipped	1	0	0	0	0
skipped	1	0	0	0	0
skipped	1	0	0	0	0
skipped	1	0	0	0	0
skipped	1	0	0	0	0
skipped	1	0	0	0	0
skipped	1	0	0	0	0
skipped	1	0	0	0	0
skipped	1	0	0	0	0
skipped	1	0	0	0	0
skipped	1	0	0	0	0
skipped	1	0	0	0	0
skipped	1	0	0	0	0
skipped	1	0	0	0	0
skipped	1	0	0	0	0
skipped	1	0	0	0	0
skipped	1	0	0	0	0
skipped	1	0	0	0	0
skipped	1	0	0	0	0
skipped	1	0	0	0	0
skipped	1	0	0	0	0
skipped	1	0	0	0	0
skipped	1	0	0	0	0
skipped	1	0	0	0	0
skipped	1	0	0	0	0
failed	4	0	0	0	0
failed	4	0	0	0	0
failed	6	0	0	0	0
skipped	1	0	0	0	0
skipped	1	0	0	0	0
skipped	1	0	0	0	0
skipped	1	0	0	0	0
skipped	1	0	0	0	0
skipped	1	0	0	0	0
skipped	1	0	0	0	0
skipped	1	0	0	0	0
skipped	2	0	0	0	0
skipped	1	0	0	0	0
skipped	1	0	0	0	0
skipped	1	0	0	0	0
skipped	1	0	0	0	0
skipped	1	0	0	0	0
skipped	1	0	0	0	0
skipped	1	0	0	0	0
skipped	1	0	0	0	0
skipped	1	0	0	0	0
skipped	1	0	0	0	0
skipped	1	0	0	0	0
skipped	1	0	0	0	0
skipped	1	0	0	0	0
skipped	1	0	0	0	0
skipped	1	0	0	0	0
skipped	1	0	0	0	0
skipped	1	0	0	0	0
skipped	1	0	0	0	0
skipped	1	0	0	0	0
skipped	1	0	0	0	0
skipped	1	0	0	0	0
skipped	1	0	0	0	0
skipped	1	0	0	0	0
skipped	1	0	0	0	0
skipped	1	0	0	0	0
skipped	1	0	0	0	0
skipped	1	0	0	0	0
skipped	2	0	0	0	0
skipped	1	0	0	0	0
skipped	1	0	0	0	0
skipped	2	0	0	0	0
skipped	1	0	0	0	0
skipped	1	0	0	0	0
skipped	1	0	0	0	0
skipped	1	0	0	0	0
skipped	1	0	0	0	0
skipped	1	0	0	0	0
skipped	1	0	0	0	0
skipped	1	0	0	0	0
skipped	1	0	0	0	0
skipped	1	0	0	0	0
skipped	1	0	0	0	0
skipped	1	0	0	0	0
skipped	1	0	0	0	0
skipped	1	0	0	0	0
skipped	1	0	0	0	0
skipped	1	0	0	0	0
skipped	1	0	0	0	0
skipped	1	0	0	0	0
skipped	2	0	0	0	0
skipped	1	0	0	0	0
skipped	1	0	0	0	0
skipped	1	0	0	0	0
skipped	1	0	0	0	0
skipped	1	0	0	0	0
skipped	1	0	0	0	0
skipped	1	0	0	0	0
skipped	2	0	0	0	0
skipped	1	0	0	0	0
skipped	1	0	0	0	0
skipped	1	0	0	0	0
skipped	1	0	0	0	0
skipped	1	0	0	0	0
failed	21	0	0	0	0
skipped	1	0	0	0	0
skipped	1	0	0	0	0
skipped	1	0	0	0	0
skipped	1	0	0	0	0
skipped	1	0	0	0	0
skipped	1	0	0	0	0
skipped	1	0	0	0	0
skipped	1	0	0	0	0
failed	8	0	0	0	0
failed	4	0	0	0	0
failed	3	0	0	0	0
skipped	1	0	0	0	0
skipped	1	0	0	0	0
failed	13	0	0	0	0
failed	4	0	0	0	0
skipped	2	0	0	0	0
failed	3	0	0	0	0
failed	25	0	0	0	0
skipped	2	0	0	0	0
failed	3	0	0	0	0
skipped	2	0	0	0	0
failed	4	25	1	3	1
skipped	1	0	0	0	0
failed	4	0	0	0	0
failed	4	0	0	0	0
failed	4	0	0	0	0
failed	12	0	0	0	0
failed	10	0	0	0	0
failed	8	0	0	0	0
failed	8	0	0	0	0
failed	7	0	0	0	0
failed	6	0	0	0	0
failed	4	0	0	0	0
failed	29	0	0	0	0
failed	23	0	0	0	0
failed	3	0	0	0	0
failed	28	50	14	14	4
failed	18	0	0	0	0
success	39	100	39	0	10
failed	5	0	0	0	0
failed	57	0	0	0	0
success	15	100	15	0	6
skipped	2	0	0	0	0
failed	3	0	0	0	0
skipped	1	0	0	0	0
skipped	2	0	0	0	0
failed	3	0	0	0	0
skipped	2	0	0	0	0
skipped	1	0	0	0	0
skipped	2	0	0	0	0
skipped	2	0	0	0	0
failed	4	0	0	0	0
failed	3	0	0	0	0
failed	4	0	0	0	0
failed	5	0	0	0	0
failed	4	0	0	0	0
failed	3	0	0	0	0
failed	7	0	0	0	0
failed	8	0	0	0	0
failed	5	40	2	3	2
failed	4	0	0	0	0
failed	14	0	0	0	0
failed	5	0	0	0	0
skipped	2	0	0	0	0
failed	3	0	0	0	0
failed	5	0	0	0	0
skipped	1	0	0	0	0
skipped	2	0	0	0	0
skipped	1	0	0	0	0
skipped	1	0	0	0	0
failed	33	0	0	0	0
failed	3	0	0	0	0
failed	36	0	0	0	0
skipped	2	0	0	0	0
skipped	1	0	0	0	0
failed	10	0	0	0	0
skipped	1	0	0	0	0
failed	59	0	0	0	0
skipped	1	0	0	0	0
skipped	2	0	0	0	0
failed	6	0	0	0	0
failed	27	0	0	0	0
skipped	2	0	0	0	0
skipped	2	0	0	0	0
failed	17	0	0	0	0
skipped	2	0	0	0	0
skipped	1	0	0	0	0
failed	3	0	0	0	0
skipped	2	0	0	0	0
failed	4	0	0	0	0
failed	4	0	0	0	0
failed	51	0	0	0	0
failed	3	0	0	0	0
failed	7	0	0	0	0
failed	9	0	0	0	0
skipped	2	0	0	0	0
failed	68	0	0	0	0
failed	3	0	0	0	0
skipped	2	0	0	0	0
skipped	1	0	0	0	0
skipped	1	0	0	0	0
skipped	2	0	0	0	0
skipped	1	0	0	0	0
failed	4	0	0	0	0
skipped	2	0	0	0	0
failed	3	66.6666666666667	2	1	3
skipped	1	0	0	0	0
failed	3	0	0	0	0
failed	3	0	0	0	0
failed	2895	0	0	0	0
failed	5	0	0	0	0
skipped	2	0	0	0	0
failed	4	0	0	0	0
failed	4	0	0	0	0
failed	4	0	0	0	0
failed	3	0	0	0	0
failed	5	0	0	0	0
failed	5	0	0	0	0
failed	3	0	0	0	0
failed	4	0	0	0	0
failed	4	0	0	0	0
failed	4	0	0	0	0
failed	4	0	0	0	0
failed	4	0	0	0	0
failed	4	0	0	0	0
skipped	2	0	0	0	0
failed	6	0	0	0	0
failed	7	0	0	0	0
skipped	2	0	0	0	0
skipped	2	0	0	0	0
failed	165	0	0	0	0
failed	77	0	0	0	0
failed	3	0	0	0	0
skipped	1	0	0	0	0
failed	16	0	0	0	0
skipped	1	0	0	0	0
skipped	1	0	0	0	0
failed	16	0	0	0	0
failed	3	0	0	0	0
skipped	1	0	0	0	0
failed	4	0	0	0	0
skipped	1	0	0	0	0
skipped	2	0	0	0	0
failed	4	0	0	0	0
skipped	2	0	0	0	0
success	11	100	11	0	2
skipped	1	0	0	0	0
failed	7	0	0	0	0
failed	10	0	0	0	0
failed	420	0	0	0	0
failed	3	0	0	0	0
skipped	2	0	0	0	0
skipped	1	0	0	0	0
skipped	1	0	0	0	0
skipped	2	0	0	0	0
skipped	1	0	0	0	0
failed	18	0	0	0	0
failed	15	0	0	0	0
skipped	1	0	0	0	0
skipped	1	0	0	0	0
skipped	1	0	0	0	0
failed	57	0	0	0	0
failed	3	0	0	0	0
skipped	1	0	0	0	0
skipped	1	0	0	0	0
failed	4	0	0	0	0
failed	3	0	0	0	0
failed	107	0	0	0	0
failed	16	0	0	0	0
skipped	1	0	0	0	0
skipped	2	0	0	0	0
failed	9	0	0	0	0
failed	91	0	0	0	0
skipped	2	0	0	0	0
failed	9	0	0	0	0
skipped	1	0	0	0	0
failed	8	0	0	0	0
failed	6	0	0	0	0
failed	3	0	0	0	0
skipped	1	0	0	0	0
failed	3	0	0	0	0
failed	3	0	0	0	0
failed	3	0	0	0	0
failed	160	0	0	0	0
skipped	2	0	0	0	0
failed	19	0	0	0	0
skipped	2	0	0	0	0
skipped	2	0	0	0	0
failed	16	0	0	0	0
skipped	1	0	0	0	0
skipped	1	0	0	0	0
skipped	2	0	0	0	0
skipped	1	0	0	0	0
skipped	2	0	0	0	0
failed	4	0	0	0	0
skipped	1	0	0	0	0
skipped	1	0	0	0	0
failed	5	0	0	0	0
skipped	1	0	0	0	0
failed	3	0	0	0	0
success	6	100	6	0	1
skipped	1	0	0	0	0
failed	4	0	0	0	0
failed	4	0	0	0	0
skipped	1	0	0	0	0
skipped	2	0	0	0	0
skipped	1	0	0	0	0
skipped	1	0	0	0	0
success	3	100	3	0	1
skipped	1	0	0	0	0
failed	7	0	0	0	0
skipped	2	0	0	0	0
skipped	2	0	0	0	0
skipped	1	0	0	0	0
skipped	2	0	0	0	0
failed	3	0	0	0	0
failed	10	0	0	0	0
skipped	1	0	0	0	0
skipped	2	0	0	0	0
skipped	2	0	0	0	0
skipped	1	0	0	0	0
failed	6	0	0	0	0
failed	5	0	0	0	0
failed	4	0	0	0	0
skipped	2	0	0	0	0
failed	5	0	0	0	0
skipped	2	0	0	0	0
failed	12	0	0	0	0
skipped	1	0	0	0	0
failed	9	0	0	0	0
skipped	2	0	0	0	0
failed	34	0	0	0	0
failed	6	0	0	0	0
skipped	1	0	0	0	0
failed	4	0	0	0	0
failed	5	0	0	0	0
failed	11	0	0	0	0
skipped	1	0	0	0	0
failed	3	0	0	0	0
skipped	2	0	0	0	0
skipped	2	0	0	0	0
skipped	2	0	0	0	0
failed	4	0	0	0	0
skipped	1	0	0	0	0
skipped	1	0	0	0	0
failed	7	0	0	0	0
failed	10	0	0	0	0
failed	5	0	0	0	0
failed	17	0	0	0	0
failed	10	0	0	0	0
failed	6	0	0	0	0
failed	5	0	0	0	0
skipped	1	0	0	0	0
failed	6	0	0	0	0
failed	6	0	0	0	0
failed	6	0	0	0	0
failed	12	0	0	0	0
failed	28	0	0	0	0
failed	7	0	0	0	0
failed	5	0	0	0	0
failed	5	0	0	0	0
failed	10	0	0	0	0
failed	19	0	0	0	0
failed	32	0	0	0	0
failed	36	0	0	0	0
failed	6	0	0	0	0
failed	69	0	0	0	0
failed	9	0	0	0	0
skipped	2	0	0	0	0
failed	7	0	0	0	0
skipped	1	0	0	0	0
skipped	1	0	0	0	0
success	12	100	12	0	1
skipped	1	0	0	0	0
skipped	1	0	0	0	0
failed	16	0	0	0	0
success	15	100	15	0	1
skipped	1	0	0	0	0
failed	16	0	0	0	0
success	4	100	4	0	3
success	6	100	6	0	3
success	6	100	6	0	3
skipped	2	0	0	0	0
failed	13	0	0	0	0
failed	19	0	0	19	3
skipped	2	0	0	0	0
success	3	100	3	0	2
success	3	100	3	0	2
success	3	100	3	0	2
skipped	1	0	0	0	0
failed	19	0	0	0	0
failed	19	0	0	0	0
skipped	2	0	0	0	0
skipped	2	0	0	0	0
success	4	100	4	0	2
skipped	1	0	0	0	0
skipped	2	0	0	0	0
skipped	2	0	0	0	0
failed	260	0	0	0	0
failed	42	0	0	0	0
success	13	100	13	0	2
success	13	100	13	0	1
failed	10	0	0	0	0
success	6	100	6	0	1
skipped	1	0	0	0	0
skipped	1	0	0	0	0
partial	35	97.1428571428571	34	1	1
success	13	100	13	0	2
success	13	100	13	0	1
failed	14	7.14285714285714	1	13	1
success	13	100	13	0	2
success	13	100	13	0	1
failed	44	0	0	0	0
failed	24	4.16666666666667	1	23	1
success	14	100	14	0	2
failed	14	78.5714285714286	11	3	3
skipped	1	0	0	0	0
failed	4	0	0	4	1
failed	239	0	0	0	0
skipped	2	0	0	0	0
skipped	2	0	0	0	0
skipped	2	0	0	0	0
skipped	1	0	0	0	0
failed	9	0	0	0	0
skipped	2	0	0	0	0
skipped	1	0	0	0	0
skipped	1	0	0	0	0
skipped	1	0	0	0	0
skipped	1	0	0	0	0
skipped	1	0	0	0	0
skipped	1	0	0	0	0
skipped	1	0	0	0	0
failed	12	0	0	0	0
skipped	1	0	0	0	0
skipped	1	0	0	0	0
skipped	1	0	0	0	0
skipped	1	0	0	0	0
skipped	1	0	0	0	0
skipped	1	0	0	0	0
skipped	1	0	0	0	0
failed	3	0	0	0	0
skipped	1	0	0	0	0
skipped	1	0	0	0	0
skipped	1	0	0	0	0
skipped	1	0	0	0	0
skipped	1	0	0	0	0
skipped	1	0	0	0	0
skipped	1	0	0	0	0
failed	30	0	0	0	0
skipped	1	0	0	0	0
skipped	1	0	0	0	0
skipped	1	0	0	0	0
skipped	1	0	0	0	0
skipped	1	0	0	0	0
skipped	1	0	0	0	0
skipped	1	0	0	0	0
skipped	1	0	0	0	0
skipped	1	0	0	0	0
skipped	1	0	0	0	0
skipped	1	0	0	0	0
skipped	1	0	0	0	0
skipped	1	0	0	0	0
skipped	1	0	0	0	0
skipped	2	0	0	0	0
skipped	1	0	0	0	0
skipped	1	0	0	0	0
skipped	1	0	0	0	0
skipped	1	0	0	0	0
skipped	1	0	0	0	0
skipped	1	0	0	0	0
skipped	1	0	0	0	0
skipped	1	0	0	0	0
skipped	1	0	0	0	0
failed	3	0	0	0	0
failed	4	0	0	0	0
failed	4	0	0	0	0
skipped	1	0	0	0	0
skipped	1	0	0	0	0
skipped	1	0	0	0	0
skipped	1	0	0	0	0
skipped	1	0	0	0	0
skipped	2	0	0	0	0
skipped	1	0	0	0	0
skipped	2	0	0	0	0
skipped	1	0	0	0	0
skipped	1	0	0	0	0
skipped	1	0	0	0	0
skipped	1	0	0	0	0
skipped	2	0	0	0	0
skipped	1	0	0	0	0
failed	19	0	0	0	0
skipped	1	0	0	0	0
skipped	1	0	0	0	0
skipped	1	0	0	0	0
skipped	1	0	0	0	0
skipped	1	0	0	0	0
skipped	1	0	0	0	0
skipped	1	0	0	0	0
skipped	1	0	0	0	0
skipped	1	0	0	0	0
skipped	1	0	0	0	0
skipped	1	0	0	0	0
skipped	1	0	0	0	0
skipped	1	0	0	0	0
skipped	1	0	0	0	0
success	31	100	31	0	2
skipped	1	0	0	0	0
skipped	1	0	0	0	0
skipped	1	0	0	0	0
skipped	1	0	0	0	0
failed	13	0	0	0	0
skipped	1	0	0	0	0
skipped	1	0	0	0	0
skipped	1	0	0	0	0
skipped	1	0	0	0	0
skipped	1	0	0	0	0
failed	8	0	0	0	0
skipped	2	0	0	0	0
failed	7	0	0	0	0
failed	3	0	0	0	0
skipped	1	0	0	0	0
skipped	1	0	0	0	0
skipped	1	0	0	0	0
skipped	2	0	0	0	0
skipped	2	0	0	0	0
skipped	1	0	0	0	0
failed	20	0	0	0	0
skipped	1	0	0	0	0
skipped	1	0	0	0	0
skipped	1	0	0	0	0
skipped	1	0	0	0	0
skipped	1	0	0	0	0
skipped	1	0	0	0	0
skipped	1	0	0	0	0
skipped	1	0	0	0	0
skipped	1	0	0	0	0
failed	3	33.3333333333333	1	2	2
skipped	2	0	0	0	0
skipped	2	0	0	0	0
skipped	1	0	0	0	0
skipped	1	0	0	0	0
skipped	2	0	0	0	0
skipped	1	0	0	0	0
skipped	1	0	0	0	0
skipped	1	0	0	0	0
failed	133	0	0	0	0
skipped	1	0	0	0	0
skipped	1	0	0	0	0
skipped	1	0	0	0	0
failed	6	0	0	0	0
failed	3	33.3333333333333	1	2	1
failed	4	25	1	3	1
skipped	1	0	0	0	0
skipped	1	0	0	0	0
skipped	1	0	0	0	0
skipped	1	0	0	0	0
skipped	1	0	0	0	0
skipped	1	0	0	0	0
skipped	1	0	0	0	0
skipped	2	0	0	0	0
success	8	100	8	0	1
failed	3	33.3333333333333	1	2	1
failed	3	0	0	3	2
skipped	2	0	0	0	0
skipped	1	0	0	0	0
skipped	1	0	0	0	0
skipped	2	0	0	0	0
failed	3	0	0	0	0
failed	167	28.7425149700599	48	119	1
partial	5	80	4	1	4
skipped	1	0	0	0	0
skipped	1	0	0	0	0
skipped	1	0	0	0	0
skipped	2	0	0	0	0
skipped	1	0	0	0	0
skipped	1	0	0	0	0
skipped	2	0	0	0	0
skipped	1	0	0	0	0
failed	13	30.7692307692308	4	9	1
failed	5	60	3	2	2
failed	3	0	0	0	0
skipped	1	0	0	0	0
skipped	1	0	0	0	0
skipped	1	0	0	0	0
failed	271	77.859778597786	211	60	1
skipped	1	0	0	0	0
skipped	1	0	0	0	0
skipped	2	0	0	0	0
skipped	1	0	0	0	0
skipped	1	0	0	0	0
skipped	1	0	0	0	0
skipped	1	0	0	0	0
skipped	1	0	0	0	0
skipped	1	0	0	0	0
skipped	1	0	0	0	0
skipped	1	0	0	0	0
skipped	1	0	0	0	0
success	21	100	21	0	1
success	3	100	3	0	1
skipped	2	0	0	0	0
skipped	2	0	0	0	0
skipped	2	0	0	0	0
skipped	1	0	0	0	0
skipped	1	0	0	0	0
skipped	1	0	0	0	0
skipped	1	0	0	0	0
skipped	1	0	0	0	0
skipped	1	0	0	0	0
skipped	1	0	0	0	0
skipped	1	0	0	0	0
skipped	1	0	0	0	0
skipped	1	0	0	0	0
success	3	100	3	0	3
partial	6	83.3333333333333	5	1	5
partial	45	93.3333333333333	42	3	2
failed	15	0	0	0	0
failed	113	0	0	0	0
skipped	2	0	0	0	0
failed	166	21.0843373493976	35	131	1
success	13	100	13	0	1
failed	7	0	0	0	0
failed	155	0	0	0	0
skipped	2	0	0	0	0
partial	134	82.8358208955224	111	23	1
skipped	2	0	0	0	0
success	21	100	21	0	1
success	20	100	20	0	1
skipped	2	0	0	0	0
failed	30	0	0	0	0
skipped	1	0	0	0	0
success	60	100	60	0	4
skipped	1	0	0	0	0
partial	44	97.7272727272727	43	1	2
failed	3	0	0	0	0
partial	48	91.6666666666667	44	4	2
skipped	2	0	0	0	0
success	41	100	41	0	2
skipped	2	0	0	0	0
partial	41	95.1219512195122	39	2	1
success	4	100	4	0	1
failed	3	0	0	0	0
failed	16	0	0	0	0
success	4	100	4	0	7
skipped	2	0	0	0	0
failed	147	0	0	0	0
success	3	100	3	0	2
failed	3	0	0	0	0
skipped	2	0	0	0	0
failed	298	0	0	0	0
skipped	1	0	0	0	0
failed	58	0	0	0	0
failed	3	66.6666666666667	2	1	1
success	65	100	65	0	2
partial	16	93.75	15	1	1
skipped	1	0	0	0	0
skipped	1	0	0	0	0
skipped	1	0	0	0	0
skipped	1	0	0	0	0
skipped	1	0	0	0	0
skipped	1	0	0	0	0
skipped	1	0	0	0	0
skipped	1	0	0	0	0
skipped	1	0	0	0	0
skipped	1	0	0	0	0
skipped	1	0	0	0	0
skipped	1	0	0	0	0
skipped	1	0	0	0	0
skipped	1	0	0	0	0
skipped	1	0	0	0	0
skipped	1	0	0	0	0
skipped	1	0	0	0	0
skipped	1	0	0	0	0
failed	3	0	0	0	0
failed	3	0	0	0	0
failed	3	0	0	0	0
skipped	1	0	0	0	0
skipped	1	0	0	0	0
skipped	1	0	0	0	0
skipped	1	0	0	0	0
skipped	1	0	0	0	0
skipped	1	0	0	0	0
skipped	1	0	0	0	0
skipped	1	0	0	0	0
skipped	1	0	0	0	0
skipped	1	0	0	0	0
skipped	1	0	0	0	0
skipped	1	0	0	0	0
failed	24	0	0	0	0
skipped	1	0	0	0	0
failed	24	0	0	0	0
skipped	1	0	0	0	0
failed	24	0	0	0	0
skipped	1	0	0	0	0
failed	24	0	0	0	0
failed	24	0	0	0	0
failed	24	0	0	0	0
failed	24	0	0	0	0
failed	24	0	0	0	0
failed	24	0	0	0	0
failed	24	0	0	0	0
failed	24	0	0	0	0
skipped	1	0	0	0	0
failed	24	0	0	0	0
failed	24	0	0	0	0
skipped	1	0	0	0	0
skipped	1	0	0	0	0
skipped	1	0	0	0	0
skipped	1	0	0	0	0
skipped	1	0	0	0	0
skipped	1	0	0	0	0
skipped	1	0	0	0	0
skipped	1	0	0	0	0
failed	3	0	0	0	0
skipped	1	0	0	0	0
skipped	1	0	0	0	0
skipped	1	0	0	0	0
skipped	1	0	0	0	0
skipped	1	0	0	0	0
success	21	100	21	0	1
skipped	1	0	0	0	0
skipped	1	0	0	0	0
skipped	1	0	0	0	0
skipped	1	0	0	0	0
skipped	2	0	0	0	0
skipped	1	0	0	0	0
skipped	1	0	0	0	0
skipped	1	0	0	0	0
skipped	1	0	0	0	0
skipped	1	0	0	0	0
skipped	1	0	0	0	0
skipped	1	0	0	0	0
skipped	1	0	0	0	0
skipped	1	0	0	0	0
skipped	1	0	0	0	0
skipped	1	0	0	0	0
skipped	1	0	0	0	0
skipped	1	0	0	0	0
skipped	1	0	0	0	0
skipped	1	0	0	0	0
skipped	1	0	0	0	0
skipped	1	0	0	0	0
skipped	1	0	0	0	0
skipped	1	0	0	0	0
skipped	1	0	0	0	0
skipped	1	0	0	0	0
skipped	1	0	0	0	0
failed	3	0	0	0	0
skipped	1	0	0	0	0
skipped	1	0	0	0	0
failed	26	0	0	0	0
skipped	1	0	0	0	0
skipped	1	0	0	0	0
failed	13	0	0	0	0
skipped	1	0	0	0	0
skipped	1	0	0	0	0
failed	8	0	0	0	0
skipped	1	0	0	0	0
skipped	1	0	0	0	0
failed	12	0	0	0	0
skipped	1	0	0	0	0
skipped	1	0	0	0	0
failed	26	0	0	0	0
skipped	1	0	0	0	0
skipped	1	0	0	0	0
failed	19	0	0	0	0
skipped	1	0	0	0	0
skipped	1	0	0	0	0
failed	16	0	0	0	0
skipped	1	0	0	0	0
skipped	1	0	0	0	0
failed	4	0	0	0	0
skipped	1	0	0	0	0
skipped	1	0	0	0	0
failed	5	0	0	0	0
skipped	1	0	0	0	0
skipped	1	0	0	0	0
failed	6	0	0	0	0
skipped	1	0	0	0	0
skipped	1	0	0	0	0
failed	10	0	0	0	0
skipped	1	0	0	0	0
skipped	1	0	0	0	0
failed	8	0	0	0	0
skipped	1	0	0	0	0
skipped	1	0	0	0	0
skipped	1	0	0	0	0
skipped	1	0	0	0	0
skipped	1	0	0	0	0
failed	4	0	0	0	0
skipped	1	0	0	0	0
skipped	1	0	0	0	0
failed	4	0	0	0	0
skipped	1	0	0	0	0
skipped	1	0	0	0	0
failed	3	0	0	0	0
skipped	1	0	0	0	0
skipped	1	0	0	0	0
failed	8	0	0	0	0
skipped	1	0	0	0	0
skipped	1	0	0	0	0
failed	6	0	0	0	0
skipped	1	0	0	0	0
skipped	1	0	0	0	0
failed	3	0	0	0	0
skipped	1	0	0	0	0
skipped	1	0	0	0	0
failed	15	0	0	0	0
failed	30	0	0	0	0
failed	18	0	0	0	0
failed	6	0	0	0	0
failed	6	0	0	0	0
failed	15	0	0	0	0
failed	5	0	0	0	0
failed	5	0	0	0	0
skipped	2	0	0	0	0
failed	9	0	0	0	0
skipped	1	0	0	0	0
failed	11	0	0	0	0
skipped	1	0	0	0	0
skipped	1	0	0	0	0
skipped	2	0	0	0	0
skipped	2	0	0	0	0
success	4	100	4	0	1
skipped	1	0	0	0	0
failed	4	0	0	0	0
skipped	2	0	0	0	0
skipped	1	0	0	0	0
skipped	1	0	0	0	0
skipped	1	0	0	0	0
skipped	1	0	0	0	0
skipped	1	0	0	0	0
skipped	2	0	0	0	0
skipped	1	0	0	0	0
failed	3	0	0	0	0
skipped	1	0	0	0	0
skipped	1	0	0	0	0
skipped	1	0	0	0	0
skipped	1	0	0	0	0
skipped	1	0	0	0	0
skipped	1	0	0	0	0
skipped	1	0	0	0	0
skipped	1	0	0	0	0
skipped	1	0	0	0	0
skipped	1	0	0	0	0
skipped	1	0	0	0	0
skipped	2	0	0	0	0
skipped	1	0	0	0	0
skipped	1	0	0	0	0
skipped	1	0	0	0	0
skipped	1	0	0	0	0
skipped	1	0	0	0	0
skipped	1	0	0	0	0
skipped	1	0	0	0	0
skipped	1	0	0	0	0
skipped	1	0	0	0	0
skipped	1	0	0	0	0
skipped	2	0	0	0	0
skipped	1	0	0	0	0
skipped	1	0	0	0	0
failed	10	0	0	0	0
failed	36	0	0	0	0
failed	8	0	0	0	0
failed	6	0	0	0	0
failed	6	0	0	0	0
failed	12	0	0	0	0
failed	6	0	0	0	0
failed	6	0	0	0	0
failed	3	0	0	0	0
skipped	2	0	0	0	0
skipped	2	0	0	0	0
skipped	1	0	0	0	0
skipped	2	0	0	0	0
skipped	1	0	0	0	0
skipped	1	0	0	0	0
skipped	1	0	0	0	0
skipped	1	0	0	0	0
skipped	1	0	0	0	0
skipped	1	0	0	0	0
skipped	1	0	0	0	0
skipped	1	0	0	0	0
skipped	1	0	0	0	0
skipped	1	0	0	0	0
skipped	1	0	0	0	0
skipped	1	0	0	0	0
skipped	1	0	0	0	0
skipped	2	0	0	0	0
skipped	1	0	0	0	0
skipped	1	0	0	0	0
skipped	1	0	0	0	0
success	3	100	3	0	6
success	3	100	3	0	3
success	3	100	3	0	4
success	3	100	3	0	3
failed	245	0	0	0	0
success	6	100	6	0	4
skipped	2	0	0	0	0
failed	242	0	0	0	0
success	7	100	7	0	3
success	7	100	7	0	1
failed	119	0	0	0	0
failed	35	0	0	0	0
failed	35	0	0	0	0
success	3	100	3	0	10
success	37	100	37	0	3
success	34	100	34	0	3
failed	4	25	1	3	3
failed	538	0	0	0	0
failed	35	45.7142857142857	16	19	1
skipped	1	0	0	0	0
failed	79	2.53164556962025	2	77	1
skipped	1	0	0	0	0
skipped	1	0	0	0	0
success	19	100	19	0	3
failed	178	0	0	0	0
success	18	100	18	0	1
failed	30	43.3333333333333	13	17	1
success	12	100	12	0	2
skipped	1	0	0	0	0
skipped	2	0	0	0	0
skipped	2	0	0	0	0
success	3	100	3	0	1
failed	39	0	0	0	0
skipped	1	0	0	0	0
failed	7	0	0	0	0
success	17	100	17	0	1
skipped	2	0	0	0	0
skipped	2	0	0	0	0
failed	7	0	0	0	0
failed	3	0	0	0	0
skipped	1	0	0	0	0
skipped	1	0	0	0	0
skipped	1	0	0	0	0
success	21	100	21	0	1
skipped	2	0	0	0	0
skipped	2	0	0	0	0
failed	5	0	0	0	0
failed	3	0	0	0	0
skipped	2	0	0	0	0
skipped	1	0	0	0	0
failed	4	0	0	0	0
failed	20	0	0	0	0
failed	11	0	0	0	0
success	12	100	12	0	1
failed	24	70.8333333333333	17	7	1
failed	6	0	0	0	0
failed	19	0	0	0	0
failed	10	0	0	0	0
skipped	2	0	0	0	0
success	15	100	15	0	3
failed	3	0	0	3	1
failed	5	0	0	0	0
failed	9	0	0	0	0
failed	6	0	0	0	0
skipped	2	0	0	0	0
failed	6	0	0	0	0
skipped	1	0	0	0	0
failed	59	0	0	0	0
success	11	100	11	0	1
success	11	100	11	0	1
failed	6	0	0	0	0
failed	79	0	0	0	0
failed	274	0	0	0	0
skipped	1	0	0	0	0
failed	8	75	6	2	2
skipped	1	0	0	0	0
failed	8	0	0	0	0
failed	3	0	0	0	0
failed	3	0	0	0	0
success	15	100	15	0	1
success	21	100	21	0	1
success	31	100	31	0	1
skipped	2	0	0	0	0
success	3	100	3	0	1
skipped	1	0	0	0	0
failed	25	0	0	0	0
success	8	100	8	0	4
success	7	100	7	0	3
failed	14	14.2857142857143	2	12	1
skipped	2	0	0	0	0
success	21	100	21	0	1
skipped	1	0	0	0	0
success	20	100	20	0	1
success	16	100	16	0	1
success	16	100	16	0	1
success	5	100	5	0	1
success	5	100	5	0	1
success	30	100	30	0	2
success	16	100	16	0	2
skipped	2	0	0	0	0
failed	46	69.5652173913043	32	14	1
success	16	100	16	0	2
failed	15	0	0	0	0
failed	11	0	0	0	0
success	6	100	6	0	3
success	6	100	6	0	2
success	3	100	3	0	13
success	8	100	8	0	9
success	13	100	13	0	1
skipped	2	0	0	0	0
skipped	2	0	0	0	0
skipped	1	0	0	0	0
failed	4	0	0	0	0
skipped	2	0	0	0	0
failed	3	0	0	0	0
success	6	100	6	0	1
success	13	100	13	0	2
failed	62	0	0	0	0
skipped	2	0	0	0	0
skipped	1	0	0	0	0
failed	3	0	0	0	0
failed	18	0	0	0	0
failed	4	0	0	0	0
skipped	2	0	0	0	0
skipped	2	0	0	0	0
failed	4	0	0	0	0
skipped	1	0	0	0	0
failed	34	0	0	0	0
skipped	1	0	0	0	0
skipped	2	0	0	0	0
success	6	100	6	0	1
partial	29	89.6551724137931	26	3	3
skipped	1	0	0	0	0
skipped	1	0	0	0	0
skipped	1	0	0	0	0
skipped	1	0	0	0	0
success	4	100	4	0	6
failed	7	0	0	0	0
success	13	100	13	0	1
success	5	100	5	0	2
skipped	1	0	0	0	0
skipped	2	0	0	0	0
skipped	1	0	0	0	0
success	3	100	3	0	2
skipped	1	0	0	0	0
success	5	100	5	0	3
skipped	1	0	0	0	0
skipped	1	0	0	0	0
skipped	2	0	0	0	0
skipped	2	0	0	0	0
skipped	2	0	0	0	0
skipped	2	0	0	0	0
failed	115	0	0	0	0
skipped	1	0	0	0	0
skipped	1	0	0	0	0
skipped	2	0	0	0	0
failed	3	66.6666666666667	2	1	1
failed	3	66.6666666666667	2	1	1
skipped	2	0	0	0	0
skipped	1	0	0	0	0
skipped	1	0	0	0	0
skipped	1	0	0	0	0
skipped	2	0	0	0	0
skipped	1	0	0	0	0
failed	13	0	0	0	0
failed	11	0	0	0	0
success	11	100	11	0	1
skipped	2	0	0	0	0
failed	3	66.6666666666667	2	1	2
failed	16	0	0	16	3
skipped	1	0	0	0	0
success	4	100	4	0	3
success	3	100	3	0	2
failed	4	0	0	0	0
failed	1630	0	0	0	0
failed	217	0	0	0	0
failed	70	70	49	21	2
success	622	100	622	0	4
success	25	100	25	0	3
success	6	100	6	0	8
success	44	100	44	0	3
skipped	2	0	0	0	0
skipped	1	0	0	0	0
skipped	1	0	0	0	0
skipped	1	0	0	0	0
failed	7	0	0	0	0
skipped	1	0	0	0	0
skipped	2	0	0	0	0
skipped	1	0	0	0	0
skipped	1	0	0	0	0
skipped	1	0	0	0	0
success	13	100	13	0	1
success	13	100	13	0	1
skipped	2	0	0	0	0
skipped	1	0	0	0	0
success	9	100	9	0	1
skipped	2	0	0	0	0
success	11	100	11	0	4
failed	32	0	0	0	0
skipped	2	0	0	0	0
skipped	2	0	0	0	0
success	20	100	20	0	1
failed	23	0	0	0	0
failed	5	0	0	0	0
skipped	1	0	0	0	0
skipped	1	0	0	0	0
skipped	1	0	0	0	0
success	5	100	5	0	1
skipped	2	0	0	0	0
skipped	1	0	0	0	0
skipped	1	0	0	0	0
skipped	2	0	0	0	0
failed	6	0	0	0	0
failed	6	0	0	0	0
skipped	2	0	0	0	0
skipped	2	0	0	0	0
skipped	2	0	0	0	0
skipped	1	0	0	0	0
skipped	2	0	0	0	0
failed	3	0	0	0	0
success	10	100	10	0	3
failed	6	0	0	0	0
failed	15	0	0	0	0
failed	3	0	0	0	0
skipped	1	0	0	0	0
failed	6	0	0	0	0
skipped	1	0	0	0	0
skipped	1	0	0	0	0
skipped	2	0	0	0	0
failed	66	0	0	0	0
skipped	1	0	0	0	0
failed	3	0	0	0	0
failed	5	0	0	0	0
success	5	100	5	0	1
skipped	2	0	0	0	0
skipped	1	0	0	0	0
failed	19	0	0	0	0
skipped	1	0	0	0	0
failed	4	0	0	0	0
skipped	1	0	0	0	0
skipped	1	0	0	0	0
skipped	1	0	0	0	0
skipped	1	0	0	0	0
skipped	1	0	0	0	0
failed	6	0	0	0	0
success	21	100	21	0	1
success	30	100	30	0	1
success	23	100	23	0	1
failed	30	43.3333333333333	13	17	1
success	16	100	16	0	1
success	16	100	16	0	1
skipped	1	0	0	0	0
failed	110	0	0	0	0
success	56	100	56	0	1
failed	1730	0	0	0	0
success	11	100	11	0	1
skipped	1	0	0	0	0
success	69	100	69	0	1
skipped	1	0	0	0	0
skipped	1	0	0	0	0
skipped	1	0	0	0	0
skipped	1	0	0	0	0
success	16	100	16	0	2
skipped	2	0	0	0	0
failed	46	65.2173913043478	30	16	1
success	14	100	14	0	1
skipped	2	0	0	0	0
failed	9	0	0	0	0
failed	4	0	0	0	0
skipped	1	0	0	0	0
success	15	100	15	0	7
success	15	100	15	0	2
failed	121	0	0	0	0
success	26	100	26	0	1
success	15	100	15	0	1
skipped	1	0	0	0	0
failed	7	0	0	0	0
failed	3	0	0	0	0
skipped	2	0	0	0	0
failed	3	0	0	0	0
success	8	100	8	0	1
failed	39	61.5384615384615	24	15	3
success	10	100	10	0	1
success	7	100	7	0	1
skipped	1	0	0	0	0
skipped	1	0	0	0	0
skipped	2	0	0	0	0
failed	271	0	0	0	0
skipped	1	0	0	0	0
skipped	1	0	0	0	0
partial	71	87.3239436619718	62	9	1
skipped	1	0	0	0	0
skipped	1	0	0	0	0
skipped	1	0	0	0	0
failed	3	0	0	0	0
skipped	2	0	0	0	0
failed	6	0	0	0	0
failed	12	0	0	0	0
failed	8	0	0	0	0
skipped	2	0	0	0	0
skipped	1	0	0	0	0
failed	7	0	0	0	0
skipped	1	0	0	0	0
skipped	1	0	0	0	0
skipped	1	0	0	0	0
failed	7	0	0	0	0
skipped	1	0	0	0	0
success	19	100	19	0	3
skipped	1	0	0	0	0
failed	20	0	0	20	3
success	39	100	39	0	3
failed	3	0	0	0	0
failed	8	0	0	0	0
skipped	1	0	0	0	0
success	5	100	5	0	1
success	4	100	4	0	7
skipped	1	0	0	0	0
skipped	1	0	0	0	0
failed	17	0	0	0	0
failed	5	0	0	0	0
failed	5	0	0	0	0
failed	11	0	0	0	0
failed	20	0	0	0	0
failed	7	0	0	0	0
skipped	1	0	0	0	0
failed	11	0	0	0	0
failed	7	0	0	0	0
skipped	1	0	0	0	0
skipped	1	0	0	0	0
skipped	1	0	0	0	0
skipped	1	0	0	0	0
skipped	2	0	0	0	0
skipped	1	0	0	0	0
skipped	1	0	0	0	0
skipped	1	0	0	0	0
skipped	2	0	0	0	0
failed	43	0	0	0	0
failed	87	0	0	0	0
skipped	2	0	0	0	0
failed	71	0	0	0	0
failed	22	0	0	0	0
failed	14	0	0	0	0
failed	116	0	0	0	0
failed	17	0	0	0	0
failed	117	0	0	0	0
failed	120	0	0	0	0
failed	41	0	0	0	0
failed	40	0	0	0	0
skipped	1	0	0	0	0
skipped	2	0	0	0	0
failed	4	0	0	0	0
skipped	1	0	0	0	0
skipped	1	0	0	0	0
skipped	2	0	0	0	0
skipped	2	0	0	0	0
failed	15	0	0	0	0
failed	37	0	0	0	0
failed	14	0	0	0	0
failed	42	0	0	42	1
success	3	100	3	0	9
failed	8	0	0	0	0
failed	3	66.6666666666667	2	1	3
failed	6	0	0	0	0
failed	6	0	0	0	0
failed	6	0	0	0	0
failed	12	0	0	0	0
skipped	1	0	0	0	0
failed	11	0	0	0	0
failed	6	0	0	0	0
failed	6	0	0	0	0
failed	5	0	0	0	0
skipped	1	0	0	0	0
skipped	1	0	0	0	0
skipped	1	0	0	0	0
skipped	1	0	0	0	0
success	3	100	3	0	1
failed	12	0	0	0	0
skipped	2	0	0	0	0
skipped	1	0	0	0	0
skipped	2	0	0	0	0
skipped	2	0	0	0	0
partial	7	85.7142857142857	6	1	2
skipped	1	0	0	0	0
failed	5	0	0	0	0
skipped	1	0	0	0	0
skipped	2	0	0	0	0
skipped	2	0	0	0	0
partial	5	80	4	1	2
skipped	1	0	0	0	0
skipped	2	0	0	0	0
skipped	1	0	0	0	0
skipped	1	0	0	0	0
skipped	1	0	0	0	0
failed	4	25	1	3	2
skipped	1	0	0	0	0
skipped	2	0	0	0	0
skipped	1	0	0	0	0
skipped	1	0	0	0	0
skipped	1	0	0	0	0
failed	4	0	0	0	0
success	3	100	3	0	5
skipped	1	0	0	0	0
skipped	1	0	0	0	0
failed	9	0	0	9	1
failed	4	25	1	3	3
success	6	100	6	0	3
skipped	1	0	0	0	0
skipped	1	0	0	0	0
failed	6	0	0	0	0
failed	4	0	0	0	0
skipped	1	0	0	0	0
skipped	2	0	0	0	0
success	3	100	3	0	4
failed	3	33.3333333333333	1	2	5
skipped	1	0	0	0	0
skipped	1	0	0	0	0
skipped	1	0	0	0	0
skipped	1	0	0	0	0
skipped	2	0	0	0	0
success	3	100	3	0	5
success	3	100	3	0	7
skipped	1	0	0	0	0
failed	8	50	4	4	3
failed	8	50	4	4	3
skipped	1	0	0	0	0
skipped	1	0	0	0	0
skipped	2	0	0	0	0
failed	4	0	0	0	0
skipped	1	0	0	0	0
failed	7	0	0	0	0
failed	3	0	0	0	0
skipped	1	0	0	0	0
failed	3	33.3333333333333	1	2	1
failed	4	0	0	0	0
skipped	1	0	0	0	0
skipped	2	0	0	0	0
skipped	2	0	0	0	0
skipped	2	0	0	0	0
skipped	1	0	0	0	0
skipped	2	0	0	0	0
skipped	2	0	0	0	0
failed	12	0	0	0	0
partial	25	88	22	3	3
skipped	2	0	0	0	0
failed	48	14.5833333333333	7	41	1
skipped	2	0	0	0	0
partial	20	80	16	4	2
failed	24	0	0	0	0
failed	12	0	0	0	0
failed	17	0	0	17	2
failed	15	0	0	0	0
skipped	2	0	0	0	0
failed	8	75	6	2	2
failed	4	25	1	3	1
skipped	1	0	0	0	0
failed	4	0	0	0	0
failed	29	0	0	0	0
failed	27	0	0	0	0
failed	4	0	0	0	0
failed	3	0	0	0	0
skipped	2	0	0	0	0
skipped	1	0	0	0	0
skipped	1	0	0	0	0
failed	15	0	0	0	0
failed	13	0	0	0	0
failed	3	0	0	0	0
failed	45	0	0	0	0
skipped	1	0	0	0	0
failed	17	0	0	0	0
skipped	1	0	0	0	0
skipped	2	0	0	0	0
failed	20	0	0	0	0
skipped	2	0	0	0	0
failed	36	0	0	0	0
success	3	100	3	0	3
skipped	1	0	0	0	0
failed	6	0	0	0	0
failed	14	0	0	0	0
failed	5	0	0	0	0
failed	12	0	0	0	0
failed	16	0	0	0	0
failed	5	0	0	0	0
failed	8	0	0	0	0
skipped	1	0	0	0	0
failed	4	0	0	0	0
skipped	2	0	0	0	0
failed	5	0	0	0	0
failed	3	0	0	0	0
failed	3	0	0	0	0
skipped	2	0	0	0	0
failed	6	0	0	0	0
skipped	2	0	0	0	0
success	3	100	3	0	6
skipped	1	0	0	0	0
success	3	100	3	0	1
failed	73	2.73972602739726	2	71	1
skipped	1	0	0	0	0
skipped	1	0	0	0	0
skipped	1	0	0	0	0
skipped	1	0	0	0	0
success	5	100	5	0	2
failed	52	0	0	0	0
failed	12	0	0	0	0
failed	53	0	0	0	0
success	3	100	3	0	7
failed	267	0	0	0	0
skipped	2	0	0	0	0
failed	3	0	0	0	0
failed	6	66.6666666666667	4	2	3
failed	3	0	0	0	0
partial	25	88	22	3	6
skipped	2	0	0	0	0
skipped	1	0	0	0	0
skipped	1	0	0	0	0
success	8	100	8	0	1
success	5	100	5	0	1
failed	4	75	3	1	2
success	7	100	7	0	4
skipped	2	0	0	0	0
failed	4	0	0	0	0
skipped	1	0	0	0	0
failed	3	0	0	0	0
failed	9	0	0	0	0
skipped	2	0	0	0	0
skipped	1	0	0	0	0
skipped	2	0	0	0	0
skipped	1	0	0	0	0
skipped	2	0	0	0	0
failed	12	0	0	0	0
success	5	100	5	0	2
failed	13	36.3636363636364	4	7	3
skipped	1	0	0	0	0
failed	3	0	0	0	0
failed	17	0	0	0	0
partial	15	86.6666666666667	13	2	2
failed	5	0	0	0	0
failed	11	0	0	0	0
failed	22	0	0	0	0
failed	7	0	0	0	0
skipped	1	0	0	0	0
skipped	1	0	0	0	0
failed	48	0	0	0	0
skipped	1	0	0	0	0
skipped	1	0	0	0	0
skipped	1	0	0	0	0
skipped	1	0	0	0	0
skipped	2	0	0	0	0
skipped	1	0	0	0	0
skipped	2	0	0	0	0
failed	8	0	0	0	0
skipped	1	0	0	0	0
skipped	1	0	0	0	0
skipped	1	0	0	0	0
skipped	1	0	0	0	0
failed	4	0	0	0	0
failed	14	0	0	0	0
failed	12	0	0	0	0
failed	13	0	0	0	0
skipped	1	0	0	0	0
skipped	1	0	0	0	0
failed	8	0	0	0	0
skipped	2	0	0	0	0
skipped	1	0	0	0	0
skipped	1	0	0	0	0
failed	76	0	0	0	0
failed	466	0	0	0	0
skipped	1	0	0	0	0
failed	48	0	0	0	0
failed	29	0	0	0	0
failed	9	0	0	0	0
failed	8	0	0	0	0
failed	21	0	0	0	0
failed	37	0	0	0	0
failed	13	0	0	0	0
skipped	2	0	0	0	0
skipped	1	0	0	0	0
skipped	1	0	0	0	0
skipped	1	0	0	0	0
skipped	1	0	0	0	0
skipped	1	0	0	0	0
skipped	1	0	0	0	0
skipped	1	0	0	0	0
skipped	1	0	0	0	0
skipped	1	0	0	0	0
skipped	1	0	0	0	0
skipped	1	0	0	0	0
failed	74	0	0	0	0
failed	10	0	0	0	0
skipped	1	0	0	0	0
failed	50	0	0	0	0
failed	12	0	0	0	0
failed	6	0	0	0	0
failed	17	0	0	0	0
failed	13	0	0	0	0
failed	48	0	0	0	0
failed	45	0	0	0	0
skipped	1	0	0	0	0
failed	58	0	0	0	0
failed	9	0	0	0	0
skipped	1	0	0	0	0
skipped	1	0	0	0	0
failed	6	0	0	0	0
failed	22	0	0	0	0
failed	13	0	0	0	0
failed	58	0	0	0	0
failed	37	0	0	0	0
skipped	1	0	0	0	0
failed	21	0	0	0	0
skipped	1	0	0	0	0
failed	69	0	0	0	0
success	4	100	4	0	2
failed	92	0	0	0	0
failed	78	0	0	0	0
failed	49	0	0	0	0
failed	124	0	0	0	0
failed	26	0	0	0	0
skipped	2	0	0	0	0
skipped	1	0	0	0	0
failed	5	0	0	0	0
failed	5	0	0	0	0
skipped	1	0	0	0	0
skipped	1	0	0	0	0
skipped	2	0	0	0	0
skipped	1	0	0	0	0
skipped	2	0	0	0	0
skipped	1	0	0	0	0
skipped	1	0	0	0	0
skipped	1	0	0	0	0
skipped	1	0	0	0	0
failed	7	0	0	0	0
failed	4	0	0	0	0
skipped	1	0	0	0	0
skipped	2	0	0	0	0
failed	30	0	0	0	0
skipped	1	0	0	0	0
skipped	1	0	0	0	0
failed	4	0	0	0	0
failed	6	0	0	0	0
skipped	1	0	0	0	0
skipped	2	0	0	0	0
failed	10	0	0	0	0
skipped	2	0	0	0	0
failed	5	0	0	0	0
failed	6	0	0	0	0
failed	5	0	0	0	0
skipped	2	0	0	0	0
skipped	1	0	0	0	0
failed	3	0	0	0	0
skipped	2	0	0	0	0
failed	4	0	0	0	0
skipped	1	0	0	0	0
failed	5	0	0	0	0
failed	5	0	0	0	0
skipped	1	0	0	0	0
skipped	1	0	0	0	0
failed	3	0	0	0	0
skipped	1	0	0	0	0
skipped	1	0	0	0	0
skipped	1	0	0	0	0
failed	4	0	0	0	0
skipped	1	0	0	0	0
skipped	1	0	0	0	0
skipped	1	0	0	0	0
failed	6	0	0	0	0
skipped	1	0	0	0	0
skipped	1	0	0	0	0
skipped	1	0	0	0	0
skipped	2	0	0	0	0
skipped	2	0	0	0	0
skipped	2	0	0	0	0
skipped	1	0	0	0	0
skipped	1	0	0	0	0
failed	3	0	0	0	0
failed	3	0	0	0	0
skipped	2	0	0	0	0
skipped	1	0	0	0	0
skipped	2	0	0	0	0
skipped	1	0	0	0	0
skipped	1	0	0	0	0
failed	5	0	0	0	0
failed	12	0	0	0	0
skipped	1	0	0	0	0
skipped	1	0	0	0	0
skipped	2	0	0	0	0
failed	6	0	0	0	0
failed	9	0	0	0	0
skipped	1	0	0	0	0
skipped	1	0	0	0	0
skipped	1	0	0	0	0
skipped	2	0	0	0	0
failed	7	0	0	0	0
failed	3	0	0	0	0
skipped	1	0	0	0	0
skipped	1	0	0	0	0
skipped	1	0	0	0	0
failed	622	0	0	0	0
failed	3	0	0	0	0
failed	3	0	0	0	0
skipped	1	0	0	0	0
failed	3	0	0	0	0
skipped	1	0	0	0	0
skipped	1	0	0	0	0
skipped	1	0	0	0	0
failed	3	0	0	0	0
skipped	1	0	0	0	0
skipped	1	0	0	0	0
skipped	1	0	0	0	0
skipped	1	0	0	0	0
skipped	1	0	0	0	0
skipped	1	0	0	0	0
skipped	1	0	0	0	0
skipped	1	0	0	0	0
failed	5	0	0	0	0
skipped	1	0	0	0	0
skipped	1	0	0	0	0
failed	3	0	0	0	0
skipped	2	0	0	0	0
success	13	100	13	0	2
success	4	100	4	0	2
skipped	2	0	0	0	0
success	3	100	3	0	1
skipped	1	0	0	0	0
skipped	1	0	0	0	0
skipped	2	0	0	0	0
skipped	2	0	0	0	0
failed	5	0	0	0	0
skipped	1	0	0	0	0
failed	9	0	0	0	0
failed	12	0	0	0	0
failed	17	0	0	0	0
failed	5	0	0	0	0
failed	8	0	0	0	0
failed	4	0	0	0	0
skipped	1	0	0	0	0
failed	3	0	0	0	0
skipped	1	0	0	0	0
skipped	1	0	0	0	0
failed	8	0	0	0	0
failed	4	0	0	0	0
failed	10	0	0	0	0
failed	17	0	0	0	0
skipped	1	0	0	0	0
failed	4	0	0	0	0
failed	4	0	0	0	0
failed	82	0	0	0	0
failed	23	0	0	0	0
skipped	1	0	0	0	0
success	8	100	8	0	2
success	11	100	11	0	2
success	9	100	9	0	2
success	11	100	11	0	2
skipped	2	0	0	0	0
failed	7	0	0	0	0
failed	12	50	6	6	1
success	8	100	8	0	2
success	9	100	9	0	2
success	4	100	4	0	2
success	3	100	3	0	3
skipped	2	0	0	0	0
skipped	2	0	0	0	0
success	6	100	6	0	4
failed	4	0	0	0	0
failed	5	0	0	0	0
skipped	2	0	0	0	0
skipped	1	0	0	0	0
skipped	2	0	0	0	0
skipped	1	0	0	0	0
skipped	1	0	0	0	0
skipped	1	0	0	0	0
skipped	1	0	0	0	0
failed	3	0	0	0	0
failed	21	0	0	0	0
skipped	1	0	0	0	0
skipped	1	0	0	0	0
skipped	1	0	0	0	0
failed	3	0	0	0	0
failed	8	0	0	0	0
failed	4	0	0	0	0
failed	14	0	0	0	0
skipped	1	0	0	0	0
skipped	1	0	0	0	0
skipped	2	0	0	0	0
failed	3	0	0	0	0
failed	3	0	0	0	0
failed	5	0	0	0	0
skipped	1	0	0	0	0
failed	4	0	0	0	0
skipped	1	0	0	0	0
failed	4	0	0	0	0
failed	3	0	0	0	0
failed	4	0	0	0	0
failed	4	0	0	0	0
success	5	100	5	0	2
skipped	1	0	0	0	0
failed	3	0	0	0	0
skipped	2	0	0	0	0
skipped	1	0	0	0	0
failed	17	0	0	0	0
skipped	2	0	0	0	0
skipped	1	0	0	0	0
skipped	2	0	0	0	0
skipped	2	0	0	0	0
skipped	2	0	0	0	0
skipped	1	0	0	0	0
failed	415	0	0	0	0
failed	4	0	0	0	0
failed	5	0	0	0	0
failed	6	0	0	0	0
skipped	1	0	0	0	0
skipped	1	0	0	0	0
skipped	1	0	0	0	0
failed	3	0	0	0	0
failed	3	0	0	0	0
failed	7	0	0	0	0
failed	7	0	0	0	0
failed	6	0	0	0	0
failed	11	0	0	0	0
failed	10	0	0	0	0
failed	6	0	0	0	0
skipped	1	0	0	0	0
skipped	1	0	0	0	0
failed	4	0	0	0	0
failed	11	0	0	0	0
skipped	1	0	0	0	0
skipped	1	0	0	0	0
skipped	1	0	0	0	0
failed	4	0	0	0	0
failed	4	0	0	0	0
failed	12	0	0	0	0
